repeat,fold,source_row,malignant,selected_probability,fixed_logistic_probability
0,4,0,1,0.9999999562040801,0.9999999562040801
0,0,1,1,0.9995856645285152,0.9995856645285152
0,3,2,1,0.9999981899167324,0.9999981899167324
0,0,3,1,0.9977074691369414,0.9977074691369414
0,4,6,1,0.9998316471216774,0.9998316471216774
0,4,8,1,0.9939023216698516,0.9939023216698516
0,4,9,1,0.997677039527036,0.997677039527036
0,1,10,1,0.8908958424483914,0.8908958424483914
0,3,11,1,0.9939773896828258,0.9939773896828258
0,1,12,1,0.9998723947287339,0.9998723947287339
0,0,13,1,0.708635636866176,0.708635636866176
0,4,15,1,0.9995402520245452,0.9995402520245452
0,3,16,1,0.9949072831057617,0.9949072831057617
0,1,17,1,0.9999732561192314,0.9999732561192314
0,2,18,1,0.9999999724857166,0.9999999724857166
0,1,19,0,0.0756401516218936,0.0756401516218936
0,0,21,0,7.124080221309749e-06,7.124080221309749e-06
0,2,23,1,0.9999999515380925,0.9999999515380925
0,0,24,1,0.9999999403506441,0.9999999403506441
0,3,25,1,0.9999949799871765,0.9999949799871765
0,2,26,1,0.9988925618039596,0.9988925618039596
0,3,27,1,0.9998450775084956,0.9998450775084956
0,0,28,1,0.9999964533173749,0.9999964533173749
0,0,29,1,0.915969220051635,0.915969220051635
0,0,30,1,0.9999999102522877,0.9999999102522877
0,0,31,1,0.9897691831585735,0.9897691831585735
0,0,32,1,0.9999968147050458,0.9999968147050458
0,0,33,1,0.9999987791337875,0.9999987791337875
0,2,35,1,0.9998739807471612,0.9998739807471612
0,2,36,1,0.9495831037800222,0.9495831037800222
0,2,37,0,0.00025584601757740503,0.00025584601757740503
0,2,38,1,0.7701252014911333,0.7701252014911333
0,1,40,1,0.08442476001784772,0.08442476001784772
0,1,41,1,0.7953705752283593,0.7953705752283593
0,1,42,1,0.9999993386501569,0.9999993386501569
0,4,43,1,0.9323802904555532,0.9323802904555532
0,3,44,1,0.8277030245153453,0.8277030245153453
0,2,45,1,0.999987588152742,0.999987588152742
0,1,46,0,1.355054489016752e-05,1.355054489016752e-05
0,4,47,1,0.9804406371554707,0.9804406371554707
0,1,48,0,0.008185157587583251,0.008185157587583251
0,0,49,0,0.20485499613382022,0.20485499613382022
0,3,50,0,0.003159889626778696,0.003159889626778696
0,1,51,0,0.0012495508573385627,0.0012495508573385627
0,3,52,0,0.0006694159067387763,0.0006694159067387763
0,0,53,1,0.997760604475383,0.997760604475383
0,2,54,1,0.9472865341953983,0.9472865341953983
0,2,55,0,0.006813961878092073,0.006813961878092073
0,4,56,1,0.9999994469978669,0.9999994469978669
0,4,57,1,0.9929749650072062,0.9929749650072062
0,0,58,0,0.00019134349083310508,0.00019134349083310508
0,2,59,0,3.109427882554058e-05,3.109427882554058e-05
0,2,61,0,0.00033019483069530623,0.00033019483069530623
0,2,62,1,0.9948331641047379,0.9948331641047379
0,4,63,0,1.0041669317512583e-05,1.0041669317512583e-05
0,3,65,1,0.9936608851110075,0.9936608851110075
0,1,66,0,0.0018458712503389523,0.0018458712503389523
0,0,67,0,0.0006152654032024064,0.0006152654032024064
0,1,68,0,0.4372263026108158,0.4372263026108158
0,4,69,0,0.0019366035936058987,0.0019366035936058987
0,0,72,1,0.9999852693074053,0.9999852693074053
0,4,76,0,0.001051281601731002,0.001051281601731002
0,4,77,1,0.9999366558690314,0.9999366558690314
0,4,78,1,0.9999999908821874,0.9999999908821874
0,1,79,0,0.007117421730890686,0.007117421730890686
0,2,80,0,0.02223848305968772,0.02223848305968772
0,0,81,0,0.26894188695393617,0.26894188695393617
0,2,82,1,0.999999999870905,0.999999999870905
0,1,84,0,0.004358499146953063,0.004358499146953063
0,1,85,1,0.9999673324635794,0.9999673324635794
0,1,87,1,0.9999916336166944,0.9999916336166944
0,1,88,0,0.05614149714077297,0.05614149714077297
0,2,89,0,0.22405059511988007,0.22405059511988007
0,2,90,0,0.12911801714854232,0.12911801714854232
0,3,91,1,0.6506156785725038,0.6506156785725038
0,1,92,0,0.012224674337461418,0.012224674337461418
0,1,93,0,0.030847354194665888,0.030847354194665888
0,0,95,1,0.9999936997125013,0.9999936997125013
0,3,96,0,0.0006073223274740626,0.0006073223274740626
0,0,97,0,8.98642835824368e-06,8.98642835824368e-06
0,2,101,0,2.589490129933864e-06,2.589490129933864e-06
0,2,102,0,0.014725262343007361,0.014725262343007361
0,1,103,0,0.002779036976375932,0.002779036976375932
0,0,104,0,7.438006533773285e-05,7.438006533773285e-05
0,2,105,1,0.9666034813145356,0.9666034813145356
0,2,106,0,0.08130119726769595,0.08130119726769595
0,0,107,0,0.0037173263240204467,0.0037173263240204467
0,4,108,1,0.9999999999898783,0.9999999999898783
0,1,109,0,0.07769122116086545,0.07769122116086545
0,1,110,0,0.0003776823314102599,0.0003776823314102599
0,1,112,0,0.02166526649748643,0.02166526649748643
0,4,113,0,0.00010584403215036592,0.00010584403215036592
0,4,114,0,0.0003260466906502233,0.0003260466906502233
0,1,115,0,0.009986735982539784,0.009986735982539784
0,2,117,1,0.9986969108176112,0.9986969108176112
0,0,119,1,0.9962214444876533,0.9962214444876533
0,1,121,1,0.9998911260554479,0.9998911260554479
0,3,122,1,0.9999999997542188,0.9999999997542188
0,1,124,0,0.0004791156902644305,0.0004791156902644305
0,0,126,1,0.9651785968171802,0.9651785968171802
0,0,127,1,0.9976671896108078,0.9976671896108078
0,2,129,1,0.9999946219340266,0.9999946219340266
0,4,131,1,0.9958622839934379,0.9958622839934379
0,1,132,1,0.9895425772163848,0.9895425772163848
0,1,133,0,0.12450819509173154,0.12450819509173154
0,1,134,1,0.9999413819606446,0.9999413819606446
0,0,135,1,0.11935767009116764,0.11935767009116764
0,4,136,0,0.0042897037404871245,0.0042897037404871245
0,4,137,0,0.0008524603954039274,0.0008524603954039274
0,4,138,1,0.9999000443166882,0.9999000443166882
0,1,140,0,3.1926981633267258e-06,3.1926981633267258e-06
0,0,141,1,0.9774327035650804,0.9774327035650804
0,3,142,0,0.0016494700927509025,0.0016494700927509025
0,1,143,0,0.015837749153042185,0.015837749153042185
0,0,144,0,1.0356610371988963e-05,1.0356610371988963e-05
0,2,145,0,9.975762469281431e-05,9.975762469281431e-05
0,1,146,1,0.6837603163099105,0.6837603163099105
0,0,147,0,0.0013510239792675312,0.0013510239792675312
0,4,148,0,0.13688177969344062,0.13688177969344062
0,4,149,0,0.0019915911110604295,0.0019915911110604295
0,0,150,0,0.03052152706747704,0.03052152706747704
0,0,151,0,5.2376177306497854e-05,5.2376177306497854e-05
0,0,152,0,3.368623091169362e-05,3.368623091169362e-05
0,1,153,0,0.00018480486376339873,0.00018480486376339873
0,2,155,0,0.008466359962043743,0.008466359962043743
0,3,156,1,0.999252315793523,0.999252315793523
0,0,157,0,0.2768307260213143,0.2768307260213143
0,0,158,0,5.6840964391320584e-05,5.6840964391320584e-05
0,0,159,0,1.1624303006410806e-05,1.1624303006410806e-05
0,0,160,0,0.01660040598646429,0.01660040598646429
0,2,161,1,0.999600224747105,0.999600224747105
0,0,163,0,0.0029164032213245335,0.0029164032213245335
0,0,164,1,0.9999999277874022,0.9999999277874022
0,3,165,0,0.012765074296974321,0.012765074296974321
0,1,166,0,2.226455090982929e-05,2.226455090982929e-05
0,2,167,1,0.9817442977590991,0.9817442977590991
0,3,168,1,0.999998950267592,0.999998950267592
0,0,170,0,0.0005592513181863702,0.0005592513181863702
0,0,171,1,0.8263455459575498,0.8263455459575498
0,3,172,1,0.9776365454000339,0.9776365454000339
0,4,173,0,1.3235195950746814e-05,1.3235195950746814e-05
0,4,174,0,1.6056662781762144e-05,1.6056662781762144e-05
0,0,175,0,2.1285716199369222e-07,2.1285716199369222e-07
0,0,176,0,6.949922963023328e-07,6.949922963023328e-07
0,3,178,0,0.0006083409886315193,0.0006083409886315193
0,3,180,1,0.9999999999956974,0.9999999999956974
0,1,181,1,0.9999999828333327,0.9999999828333327
0,1,182,1,0.9894887582902394,0.9894887582902394
0,3,184,1,0.4634869733335771,0.4634869733335771
0,3,185,0,0.0006804796042870703,0.0006804796042870703
0,0,186,1,0.9952006145927186,0.9952006145927186
0,4,187,0,0.008713053240460102,0.008713053240460102
0,0,189,0,9.678702358251674e-05,9.678702358251674e-05
0,3,191,0,0.010093990702367321,0.010093990702367321
0,3,192,0,3.097281938952702e-07,3.097281938952702e-07
0,1,193,1,0.9730610805623581,0.9730610805623581
0,3,194,1,0.7662212509241856,0.7662212509241856
0,3,195,0,0.002244413527584498,0.002244413527584498
0,0,197,1,0.6263761449334065,0.6263761449334065
0,0,199,1,0.9986552042345589,0.9986552042345589
0,4,200,0,0.07860219460429958,0.07860219460429958
0,3,201,1,0.9936660314640494,0.9936660314640494
0,2,202,1,0.999999995190177,0.999999995190177
0,2,203,1,0.9999952684098061,0.9999952684098061
0,2,204,0,0.13249323477419636,0.13249323477419636
0,1,206,0,0.0003182271388380107,0.0003182271388380107
0,0,209,0,0.00826047881983164,0.00826047881983164
0,2,210,1,0.9999955844376907,0.9999955844376907
0,0,211,0,0.0005513119158607685,0.0005513119158607685
0,1,212,1,1.0,1.0
0,2,213,1,0.11374433313933799,0.11374433313933799
0,2,214,1,0.9944177275140768,0.9944177275140768
0,3,215,1,0.31633254181749093,0.31633254181749093
0,4,217,0,0.00014264859117551308,0.00014264859117551308
0,1,220,0,0.0013464597946966546,0.0013464597946966546
0,4,223,1,0.9950550098230148,0.9950550098230148
0,1,224,0,0.02313104050118017,0.02313104050118017
0,4,225,0,0.31694478420525474,0.31694478420525474
0,1,226,0,7.30439286903126e-05,7.30439286903126e-05
0,2,227,0,0.03350089394911531,0.03350089394911531
0,0,228,0,0.07300411562167278,0.07300411562167278
0,4,229,1,0.9326612213393798,0.9326612213393798
0,1,230,1,0.9995373604583401,0.9995373604583401
0,0,231,0,0.001028169446849019,0.001028169446849019
0,1,232,0,0.013480588614624972,0.013480588614624972
0,3,233,1,0.9999956204780388,0.9999956204780388
0,3,234,0,0.00015618773438298966,0.00015618773438298966
0,4,235,0,0.029040068031456492,0.029040068031456492
0,1,236,1,0.9999999999877143,0.9999999999877143
0,2,237,1,0.9996624308759096,0.9996624308759096
0,0,238,0,0.5076154318988703,0.5076154318988703
0,0,239,1,0.9999994898002286,0.9999994898002286
0,1,240,0,0.013104035624331366,0.013104035624331366
0,1,241,0,0.00011412046462884969,0.00011412046462884969
0,3,242,0,0.006015174996212454,0.006015174996212454
0,3,243,0,0.021583542340982066,0.021583542340982066
0,4,244,1,0.9998109853734016,0.9998109853734016
0,4,246,0,0.00261393802915175,0.00261393802915175
0,1,247,0,0.00853261475307762,0.00853261475307762
0,4,248,0,0.052192972770136604,0.052192972770136604
0,3,249,0,0.0020212957396597356,0.0020212957396597356
0,4,251,0,0.005128097937098559,0.005128097937098559
0,3,252,1,0.9999979253955279,0.9999979253955279
0,3,253,1,0.9928983453494389,0.9928983453494389
0,1,254,1,0.9999945569394436,0.9999945569394436
0,4,255,1,0.4630149148102193,0.4630149148102193
0,3,256,1,0.9999993896305341,0.9999993896305341
0,4,257,1,0.9969933711610953,0.9969933711610953
0,1,258,1,0.9999999566374781,0.9999999566374781
0,0,259,1,0.9999986588441528,0.9999986588441528
0,3,260,1,0.9999987308006789,0.9999987308006789
0,0,261,1,0.88848960843593,0.88848960843593
0,4,262,1,0.995318375819573,0.995318375819573
0,1,263,1,0.21003737012417376,0.21003737012417376
0,1,264,1,0.9997347340589879,0.9997347340589879
0,2,265,1,0.9999999999974034,0.9999999999974034
0,3,266,0,0.001555514231177082,0.001555514231177082
0,3,267,0,0.009262686834302541,0.009262686834302541
0,1,268,0,0.0030329656483433164,0.0030329656483433164
0,2,270,0,0.0003593167193786976,0.0003593167193786976
0,0,271,0,6.841224097194797e-05,6.841224097194797e-05
0,2,272,1,0.9999999790147498,0.9999999790147498
0,0,273,0,3.4630156948848366e-05,3.4630156948848366e-05
0,1,274,1,0.9923011781399871,0.9923011781399871
0,2,276,0,5.893839696643908e-05,5.893839696643908e-05
0,3,278,0,0.006024427254756183,0.006024427254756183
0,1,279,0,0.00893720989706459,0.00893720989706459
0,4,281,0,0.009139751294607808,0.009139751294607808
0,1,283,1,0.9315462317611577,0.9315462317611577
0,0,284,0,0.0003708660924073405,0.0003708660924073405
0,0,285,0,5.2695407482652434e-05,5.2695407482652434e-05
0,2,286,0,0.0020194857278042514,0.0020194857278042514
0,0,287,0,1.0771017241526102e-05,1.0771017241526102e-05
0,0,288,0,0.0003005050992996209,0.0003005050992996209
0,0,289,0,0.00025587243802999675,0.00025587243802999675
0,4,290,0,0.00016059413589468528,0.00016059413589468528
0,1,291,0,0.27307072393418885,0.27307072393418885
0,3,292,0,0.010425452246873957,0.010425452246873957
0,2,293,0,0.005084794056419543,0.005084794056419543
0,1,295,0,0.000532722534684736,0.000532722534684736
0,0,297,1,0.002058771169196682,0.002058771169196682
0,1,298,0,0.00452404972976135,0.00452404972976135
0,4,299,0,0.00032619626078961864,0.00032619626078961864
0,1,300,1,0.9999999724321756,0.9999999724321756
0,3,301,0,0.001524611787210828,0.001524611787210828
0,2,302,1,0.9999997201587009,0.9999997201587009
0,0,303,0,5.636334328866656e-05,5.636334328866656e-05
0,2,304,0,0.00023359533389381848,0.00023359533389381848
0,2,305,0,0.003225211144890352,0.003225211144890352
0,0,306,0,7.581621459712721e-05,7.581621459712721e-05
0,0,307,0,6.42290057775543e-07,6.42290057775543e-07
0,0,310,0,0.0010084486506252764,0.0010084486506252764
0,1,311,0,0.005317115830099244,0.005317115830099244
0,3,312,0,0.0004848368022004668,0.0004848368022004668
0,0,313,0,7.091942478124133e-06,7.091942478124133e-06
0,2,315,0,0.00010554848039008176,0.00010554848039008176
0,2,316,0,4.639770111388169e-05,4.639770111388169e-05
0,4,317,1,0.9985330190704665,0.9985330190704665
0,2,319,0,4.74888172829996e-05,4.74888172829996e-05
0,3,320,0,0.00015180330449865936,0.00015180330449865936
0,2,322,0,0.00411078287725029,0.00411078287725029
0,3,323,1,0.9999999947919502,0.9999999947919502
0,2,324,0,0.0012107055269341253,0.0012107055269341253
0,2,326,0,0.0008191851811123315,0.0008191851811123315
0,2,327,0,0.00015728850989727103,0.00015728850989727103
0,2,328,1,0.9988960529157576,0.9988960529157576
0,2,330,1,0.9055132236385156,0.9055132236385156
0,0,331,0,0.014662068095721164,0.014662068095721164
0,2,332,0,0.0009548929980375594,0.0009548929980375594
0,0,333,0,3.0854872794891745e-05,3.0854872794891745e-05
0,4,334,0,0.001513219806567593,0.001513219806567593
0,4,335,1,0.9999918429845358,0.9999918429845358
0,2,336,0,7.329417040153448e-05,7.329417040153448e-05
0,4,337,1,0.9999937192419859,0.9999937192419859
0,3,338,0,0.0010244428585279395,0.0010244428585279395
0,2,339,1,0.9999999999307516,0.9999999999307516
0,1,340,0,0.2158300381638486,0.2158300381638486
0,3,341,0,0.0001310387007294818,0.0001310387007294818
0,2,342,0,0.0017954921245708286,0.0017954921245708286
0,0,343,1,0.9999981315893993,0.9999981315893993
0,3,344,0,0.004622363197407155,0.004622363197407155
0,2,350,0,0.000534959468772669,0.000534959468772669
0,4,351,1,0.9939550330272413,0.9939550330272413
0,3,352,1,0.9999999999958293,0.9999999999958293
0,0,353,1,0.9984435051144404,0.9984435051144404
0,3,354,0,2.7736345447958633e-05,2.7736345447958633e-05
0,4,355,0,0.003159165217857277,0.003159165217857277
0,1,356,0,0.035037989605726724,0.035037989605726724
0,3,357,0,0.004482825378094401,0.004482825378094401
0,3,358,0,4.464086281824803e-05,4.464086281824803e-05
0,1,359,0,0.004892051411665057,0.004892051411665057
0,4,360,0,0.0004387645060070104,0.0004387645060070104
0,3,361,0,0.009411733298844082,0.009411733298844082
0,3,363,0,0.46696766446064275,0.46696766446064275
0,2,364,0,0.0024619786518391864,0.0024619786518391864
0,1,365,1,0.9999450575747172,0.9999450575747172
0,4,366,1,0.9999997503141462,0.9999997503141462
0,4,367,0,0.027940399740854664,0.027940399740854664
0,3,368,1,0.9999999993422637,0.9999999993422637
0,0,369,1,0.9999999969375932,0.9999999969375932
0,2,370,1,0.999947318846913,0.999947318846913
0,4,372,1,0.998044780818245,0.998044780818245
0,3,373,1,0.9999919723769554,0.9999919723769554
0,4,374,0,0.0031944257231996264,0.0031944257231996264
0,3,376,0,9.567472690611013e-05,9.567472690611013e-05
0,2,377,0,0.09317063646140256,0.09317063646140256
0,3,378,0,0.0019299267778103936,0.0019299267778103936
0,4,379,1,0.9557886617113248,0.9557886617113248
0,3,380,0,0.017842989767305337,0.017842989767305337
0,3,382,0,0.00016786833045970948,0.00016786833045970948
0,0,384,0,0.0007156978357704557,0.0007156978357704557
0,4,386,0,0.0005975848398686594,0.0005975848398686594
0,0,388,0,3.075828152857142e-06,3.075828152857142e-06
0,4,389,1,0.9998875129321156,0.9998875129321156
0,2,390,0,7.068098035508413e-05,7.068098035508413e-05
0,0,391,0,4.340890665315726e-06,4.340890665315726e-06
0,1,392,1,0.9999719467597786,0.9999719467597786
0,3,394,0,0.014441009102593223,0.014441009102593223
0,4,395,0,0.004275561996436163,0.004275561996436163
0,4,396,0,0.2299186077940577,0.2299186077940577
0,1,397,0,0.0007245691173077459,0.0007245691173077459
0,1,398,0,9.5535771030261e-05,9.5535771030261e-05
0,3,399,0,0.002350412644005149,0.002350412644005149
0,1,400,1,0.999984806403466,0.999984806403466
0,4,401,0,0.0009923647728030175,0.0009923647728030175
0,0,402,0,0.00042730196552365343,0.00042730196552365343
0,1,403,0,0.002585534344572367,0.002585534344572367
0,0,404,0,7.427547976853942e-05,7.427547976853942e-05
0,2,405,0,0.003053925427571417,0.003053925427571417
0,2,406,0,0.14767044336227012,0.14767044336227012
0,3,407,0,0.00153169487040103,0.00153169487040103
0,3,408,1,0.9981143752757614,0.9981143752757614
0,3,409,0,0.03751568121807336,0.03751568121807336
0,0,412,0,6.373805612116192e-06,6.373805612116192e-06
0,4,413,0,0.5594602272138389,0.5594602272138389
0,1,414,1,0.9146625483219152,0.9146625483219152
0,1,415,0,0.007146559633210601,0.007146559633210601
0,1,416,0,0.002566372159228471,0.002566372159228471
0,4,417,1,0.9999998502553673,0.9999998502553673
0,0,419,0,0.001035063600666271,0.001035063600666271
0,4,421,0,0.061723419916212455,0.061723419916212455
0,2,422,0,0.005436437717098504,0.005436437717098504
0,2,423,0,0.08442785297217643,0.08442785297217643
0,4,424,0,0.005072630217976505,0.005072630217976505
0,3,425,0,0.00012040607530454174,0.00012040607530454174
0,4,426,0,0.0008366674279306974,0.0008366674279306974
0,3,427,0,0.01860576009837892,0.01860576009837892
0,1,430,1,0.9917943261577453,0.9917943261577453
0,3,431,0,0.0006191414297053196,0.0006191414297053196
0,1,432,1,0.9999839621275147,0.9999839621275147
0,3,434,0,0.011443751571663245,0.011443751571663245
0,2,435,1,0.9600200330006933,0.9600200330006933
0,1,436,0,0.016997091459343135,0.016997091459343135
0,4,437,0,0.02664810253558993,0.02664810253558993
0,2,439,0,0.0014294518662423482,0.0014294518662423482
0,0,441,1,0.9993298050125459,0.9993298050125459
0,3,442,0,0.00037459161454170406,0.00037459161454170406
0,2,443,0,1.4726884077273358e-05,1.4726884077273358e-05
0,1,444,1,0.9367551833056361,0.9367551833056361
0,0,445,0,0.03644022232844402,0.03644022232844402
0,4,446,1,0.9999906499772225,0.9999906499772225
0,3,449,1,0.9999991961262532,0.9999991961262532
0,1,450,0,0.00012973597733117215,0.00012973597733117215
0,3,452,0,0.02045191845191836,0.02045191845191836
0,1,453,0,0.0324922648124038,0.0324922648124038
0,4,454,0,0.011542118078455073,0.011542118078455073
0,2,457,0,0.1000730707156482,0.1000730707156482
0,3,458,0,0.025981595035313488,0.025981595035313488
0,1,460,1,0.9999984542966063,0.9999984542966063
0,4,461,1,1.0,1.0
0,1,462,0,0.02486701383240499,0.02486701383240499
0,2,463,0,0.003529743616302977,0.003529743616302977
0,2,465,0,0.03578942530445506,0.03578942530445506
0,3,466,0,0.10947068652037582,0.10947068652037582
0,4,467,0,0.0004416681969686894,0.0004416681969686894
0,1,469,0,0.3136608573784748,0.3136608573784748
0,4,470,0,0.0016473184472431052,0.0016473184472431052
0,1,471,0,0.07850849038202952,0.07850849038202952
0,0,472,0,0.01736374415588643,0.01736374415588643
0,0,473,0,0.001040807228098575,0.001040807228098575
0,2,474,0,0.00016815903739152756,0.00016815903739152756
0,2,475,0,0.006965945295514649,0.006965945295514649
0,4,476,0,0.13483064368342834,0.13483064368342834
0,3,477,0,0.0006343045731721475,0.0006343045731721475
0,3,478,0,0.0008101440314516474,0.0008101440314516474
0,1,480,0,0.0014856281921150258,0.0014856281921150258
0,4,481,0,0.049750124326045864,0.049750124326045864
0,4,482,0,0.013467956847767682,0.013467956847767682
0,4,484,0,0.05838443077495577,0.05838443077495577
0,3,485,0,0.005625205815346514,0.005625205815346514
0,4,486,0,0.0408012561438152,0.0408012561438152
0,0,488,0,0.004766341603899085,0.004766341603899085
0,0,489,1,0.8949665719664727,0.8949665719664727
0,4,490,0,0.03584476324456592,0.03584476324456592
0,2,491,0,0.13010639327206863,0.13010639327206863
0,1,492,1,0.9996610892565687,0.9996610892565687
0,2,493,0,1.378874841288676e-05,1.378874841288676e-05
0,2,494,0,0.005074754198095472,0.005074754198095472
0,4,495,0,0.14844145739082223,0.14844145739082223
0,3,496,0,0.05828396614139248,0.05828396614139248
0,4,497,0,0.010207450746644958,0.010207450746644958
0,4,498,1,0.9996620885146278,0.9996620885146278
0,3,499,1,0.9999959366646372,0.9999959366646372
0,1,500,0,0.04822530038387723,0.04822530038387723
0,4,501,1,0.966098636967445,0.966098636967445
0,0,504,0,6.972260732840355e-05,6.972260732840355e-05
0,3,507,0,0.000360014788136936,0.000360014788136936
0,2,508,0,0.08127056280375801,0.08127056280375801
0,3,509,1,0.9973134168898966,0.9973134168898966
0,0,510,0,1.4228338323045282e-05,1.4228338323045282e-05
0,2,512,1,0.995285033822248,0.995285033822248
0,4,513,0,0.06354590996750892,0.06354590996750892
0,3,514,1,0.5478283925728269,0.5478283925728269
0,3,515,0,0.006743766422323213,0.006743766422323213
0,2,516,1,0.9998372457054098,0.9998372457054098
0,2,517,1,0.9998580680607694,0.9998580680607694
0,1,518,0,0.10465946739945928,0.10465946739945928
0,3,519,0,0.01692928703359471,0.01692928703359471
0,4,520,0,0.0008710114826426978,0.0008710114826426978
0,3,521,1,0.9999999985215984,0.9999999985215984
0,1,523,0,0.11405297434902449,0.11405297434902449
0,4,524,0,0.00019114228557716683,0.00019114228557716683
0,0,525,0,1.0017336556461383e-05,1.0017336556461383e-05
0,1,526,0,0.3671806342208854,0.3671806342208854
0,3,527,0,0.0014423688588705813,0.0014423688588705813
0,4,530,0,0.05643847096682191,0.05643847096682191
0,1,531,0,0.029682155378252213,0.029682155378252213
0,2,532,0,0.011197076517402111,0.011197076517402111
0,4,535,1,0.99999730627618,0.99999730627618
0,0,536,1,0.803024433844103,0.803024433844103
0,2,537,0,0.06484655505049948,0.06484655505049948
0,3,538,0,0.00014113847547460282,0.00014113847547460282
0,4,539,0,7.991143545175059e-05,7.991143545175059e-05
0,4,540,0,7.692893469848703e-05,7.692893469848703e-05
0,2,541,0,0.523850660095321,0.523850660095321
0,2,542,0,0.526298404065616,0.526298404065616
0,3,543,0,0.11093858417504389,0.11093858417504389
0,4,544,0,0.005126179600796404,0.005126179600796404
0,4,545,0,0.04676431270249409,0.04676431270249409
0,2,546,0,0.00011530312937447706,0.00011530312937447706
0,2,547,0,6.871909608916651e-05,6.871909608916651e-05
0,3,549,0,0.01432588310719235,0.01432588310719235
0,3,550,0,7.164498150944899e-05,7.164498150944899e-05
0,4,551,0,0.001135390370162006,0.001135390370162006
0,2,552,0,0.10092204544564537,0.10092204544564537
0,0,555,0,0.0031351037176462733,0.0031351037176462733
0,1,557,0,0.0006173332792140955,0.0006173332792140955
0,0,558,0,0.025624535474205422,0.025624535474205422
0,4,559,0,0.03598808506252144,0.03598808506252144
0,2,561,0,0.00026273863300269637,0.00026273863300269637
0,2,562,1,0.9999909436248128,0.9999909436248128
0,3,564,1,0.999999995767578,0.999999995767578
0,0,565,1,0.9999988256123479,0.9999988256123479
0,2,566,1,0.9829385136668023,0.9829385136668023
0,3,567,1,0.999999998063478,0.999999998063478
1,3,0,1,0.999999990444075,0.999999990444075
1,3,1,1,0.9992861281211326,0.9992861281211326
1,0,2,1,0.9999987944474665,0.9999987944474665
1,0,3,1,0.9964717670849274,0.9964717670849274
1,1,6,1,0.9998022679825327,0.9998022679825327
1,3,8,1,0.9992942925425669,0.9992942925425669
1,1,9,1,0.9951280249709477,0.9951280249709477
1,2,10,1,0.8756345665278936,0.8756345665278936
1,3,11,1,0.9957073200391172,0.9957073200391172
1,0,12,1,0.9997737590717193,0.9997737590717193
1,3,13,1,0.09967916876548517,0.09967916876548517
1,3,15,1,0.9999586393978119,0.9999586393978119
1,4,16,1,0.9944794650412138,0.9944794650412138
1,2,17,1,0.9999359653421034,0.9999359653421034
1,0,18,1,0.9999999866742095,0.9999999866742095
1,3,19,0,0.01747994184471231,0.01747994184471231
1,1,21,0,3.8213158875304665e-05,3.8213158875304665e-05
1,2,23,1,0.9999998323452933,0.9999998323452933
1,0,24,1,0.9999999463581377,0.9999999463581377
1,3,25,1,0.9999973953375131,0.9999973953375131
1,2,26,1,0.9975379266509777,0.9975379266509777
1,4,27,1,0.9998891227202478,0.9998891227202478
1,2,28,1,0.9999770720985129,0.9999770720985129
1,1,29,1,0.9517424881696166,0.9517424881696166
1,2,30,1,0.999999654211445,0.999999654211445
1,0,31,1,0.9890494524928145,0.9890494524928145
1,2,32,1,0.9999926493865807,0.9999926493865807
1,2,33,1,0.9999873617354518,0.9999873617354518
1,2,35,1,0.9999154505189065,0.9999154505189065
1,4,36,1,0.93166526997685,0.93166526997685
1,2,37,0,0.00037562228952327763,0.00037562228952327763
1,1,38,1,0.9307360019304993,0.9307360019304993
1,2,40,1,0.10645295638124669,0.10645295638124669
1,4,41,1,0.7339263530814862,0.7339263530814862
1,2,42,1,0.9999996291672076,0.9999996291672076
1,0,43,1,0.9426365300154794,0.9426365300154794
1,4,44,1,0.8334697311513065,0.8334697311513065
1,0,45,1,0.9999892107838293,0.9999892107838293
1,4,46,0,1.4766382343642357e-05,1.4766382343642357e-05
1,2,47,1,0.9793342563283669,0.9793342563283669
1,3,48,0,0.012617867801240495,0.012617867801240495
1,2,49,0,0.21502216521727613,0.21502216521727613
1,3,50,0,0.0008710846820601854,0.0008710846820601854
1,0,51,0,0.0014762378414394349,0.0014762378414394349
1,1,52,0,0.0012514545007762333,0.0012514545007762333
1,1,53,1,0.9978752597236705,0.9978752597236705
1,4,54,1,0.9147392907783618,0.9147392907783618
1,4,55,0,0.006948706897206549,0.006948706897206549
1,4,56,1,0.9999996196866533,0.9999996196866533
1,1,57,1,0.9893118455250757,0.9893118455250757
1,3,58,0,0.0001681863303959367,0.0001681863303959367
1,1,59,0,2.6704727868823503e-05,2.6704727868823503e-05
1,4,61,0,0.0007549614363000034,0.0007549614363000034
1,0,62,1,0.9971101228920963,0.9971101228920963
1,3,63,0,3.742192920562986e-07,3.742192920562986e-07
1,1,65,1,0.9907943275668134,0.9907943275668134
1,2,66,0,0.0017386810650663349,0.0017386810650663349
1,4,67,0,0.002189770282919678,0.002189770282919678
1,2,68,0,0.6398463491380956,0.6398463491380956
1,1,69,0,0.001660897196028299,0.001660897196028299
1,3,72,1,0.9999895977357395,0.9999895977357395
1,3,76,0,8.177332535163625e-05,8.177332535163625e-05
1,0,77,1,0.9999089454940329,0.9999089454940329
1,3,78,1,0.9999999948577591,0.9999999948577591
1,1,79,0,0.007394171164924402,0.007394171164924402
1,4,80,0,0.032558562477279465,0.032558562477279465
1,0,81,0,0.26204197167171256,0.26204197167171256
1,2,82,1,0.9999999997877804,0.9999999997877804
1,1,84,0,0.005310465283728305,0.005310465283728305
1,4,85,1,0.9999802782525155,0.9999802782525155
1,0,87,1,0.9999963519868853,0.9999963519868853
1,3,88,0,0.02180523113367677,0.02180523113367677
1,1,89,0,0.1870781844291129,0.1870781844291129
1,2,90,0,0.05522537190625403,0.05522537190625403
1,3,91,1,0.13373235366853878,0.13373235366853878
1,2,92,0,0.014776488059881004,0.014776488059881004
1,1,93,0,0.026537164313295905,0.026537164313295905
1,4,95,1,0.9999928981847279,0.9999928981847279
1,3,96,0,0.00018592657191495408,0.00018592657191495408
1,4,97,0,0.00011580719696348657,0.00011580719696348657
1,4,101,0,2.908068220780628e-06,2.908068220780628e-06
1,2,102,0,0.00995546523215641,0.00995546523215641
1,0,103,0,0.0022950715861582718,0.0022950715861582718
1,3,104,0,0.00010589976049852141,0.00010589976049852141
1,2,105,1,0.969217491441619,0.969217491441619
1,3,106,0,0.06342744502902296,0.06342744502902296
1,0,107,0,0.006060558297492763,0.006060558297492763
1,0,108,1,0.9999999999953573,0.9999999999953573
1,2,109,0,0.05705230739984251,0.05705230739984251
1,3,110,0,7.189958382793616e-06,7.189958382793616e-06
1,1,112,0,0.014630091444779456,0.014630091444779456
1,0,113,0,0.00014463354400910976,0.00014463354400910976
1,1,114,0,0.0003220913064937113,0.0003220913064937113
1,3,115,0,0.004371338673554221,0.004371338673554221
1,1,117,1,0.9971990970449561,0.9971990970449561
1,0,119,1,0.9979423730261727,0.9979423730261727
1,4,121,1,0.9999092734290037,0.9999092734290037
1,1,122,1,0.9999999966688324,0.9999999966688324
1,0,124,0,0.0006673149408305285,0.0006673149408305285
1,0,126,1,0.9664769247534274,0.9664769247534274
1,0,127,1,0.9980379855929581,0.9980379855929581
1,4,129,1,0.9999907858243495,0.9999907858243495
1,2,131,1,0.9953159340635473,0.9953159340635473
1,2,132,1,0.9902653291112535,0.9902653291112535
1,1,133,0,0.1566233246157103,0.1566233246157103
1,3,134,1,0.9999585457022401,0.9999585457022401
1,3,135,1,0.08859712362071578,0.08859712362071578
1,4,136,0,0.004013107802145052,0.004013107802145052
1,0,137,0,0.0006281773509497588,0.0006281773509497588
1,0,138,1,0.9998739791713094,0.9998739791713094
1,0,140,0,1.74708045781367e-06,1.74708045781367e-06
1,0,141,1,0.9884873723719708,0.9884873723719708
1,1,142,0,0.0008079734406082316,0.0008079734406082316
1,0,143,0,0.014840717216835473,0.014840717216835473
1,3,144,0,8.841790241101293e-06,8.841790241101293e-06
1,2,145,0,5.2488076780456114e-05,5.2488076780456114e-05
1,1,146,1,0.44529274216192205,0.44529274216192205
1,2,147,0,0.009083999443480654,0.009083999443480654
1,2,148,0,0.13939698172321915,0.13939698172321915
1,1,149,0,0.002499758896721714,0.002499758896721714
1,1,150,0,0.038773313963388026,0.038773313963388026
1,1,151,0,0.00015420730312583228,0.00015420730312583228
1,3,152,0,3.9460629154604683e-07,3.9460629154604683e-07
1,0,153,0,0.0001108019512642232,0.0001108019512642232
1,0,155,0,0.0054125629967107835,0.0054125629967107835
1,2,156,1,0.9992666499948987,0.9992666499948987
1,1,157,0,0.32948515315601173,0.32948515315601173
1,1,158,0,0.00030310019452115157,0.00030310019452115157
1,1,159,0,0.00010864483287994166,0.00010864483287994166
1,3,160,0,0.012087477859858742,0.012087477859858742
1,4,161,1,0.9999082224982747,0.9999082224982747
1,1,163,0,0.006069553430792681,0.006069553430792681
1,4,164,1,0.999999934706199,0.999999934706199
1,2,165,0,0.010566102886395243,0.010566102886395243
1,4,166,0,1.2540104033794625e-05,1.2540104033794625e-05
1,3,167,1,0.9385717456103524,0.9385717456103524
1,2,168,1,0.9999981574335346,0.9999981574335346
1,0,170,0,0.0010780180664244478,0.0010780180664244478
1,2,171,1,0.9049065797257204,0.9049065797257204
1,0,172,1,0.9872985683454305,0.9872985683454305
1,3,173,0,4.3208993482435584e-08,4.3208993482435584e-08
1,0,174,0,1.053506730841536e-05,1.053506730841536e-05
1,2,175,0,1.3684386254063782e-06,1.3684386254063782e-06
1,3,176,0,2.129121734663799e-08,2.129121734663799e-08
1,4,178,0,0.00046434462367134856,0.00046434462367134856
1,0,180,1,0.9999999999984686,0.9999999999984686
1,1,181,1,0.9999999723794518,0.9999999723794518
1,4,182,1,0.9925262475478248,0.9925262475478248
1,2,184,1,0.4600893917522732,0.4600893917522732
1,4,185,0,0.0005077274041605643,0.0005077274041605643
1,1,186,1,0.9930068968589617,0.9930068968589617
1,0,187,0,0.006666875676049629,0.006666875676049629
1,0,189,0,0.00014716060934384773,0.00014716060934384773
1,4,191,0,0.01620190057724358,0.01620190057724358
1,1,192,0,6.106527207846109e-08,6.106527207846109e-08
1,1,193,1,0.9456760053008954,0.9456760053008954
1,3,194,1,0.6072227166380907,0.6072227166380907
1,2,195,0,0.0029117556572428763,0.0029117556572428763
1,3,197,1,0.2572685123887731,0.2572685123887731
1,4,199,1,0.9963148690465004,0.9963148690465004
1,3,200,0,0.03321581628347072,0.03321581628347072
1,4,201,1,0.9944725837954401,0.9944725837954401
1,0,202,1,0.9999999985402364,0.9999999985402364
1,2,203,1,0.9999944909373861,0.9999944909373861
1,2,204,0,0.11386299180410463,0.11386299180410463
1,2,206,0,0.0004018939101706326,0.0004018939101706326
1,4,209,0,0.013446143995936749,0.013446143995936749
1,4,210,1,0.9999988441447845,0.9999988441447845
1,2,211,0,0.001295095460823195,0.001295095460823195
1,4,212,1,1.0,1.0
1,3,213,1,6.6794976863758925e-06,6.6794976863758925e-06
1,3,214,1,0.9716271349813188,0.9716271349813188
1,1,215,1,0.3586825826324912,0.3586825826324912
1,0,217,0,0.0001021278458603034,0.0001021278458603034
1,3,220,0,0.0008465506809486783,0.0008465506809486783
1,4,223,1,0.9947505061818281,0.9947505061818281
1,4,224,0,0.020131263023312324,0.020131263023312324
1,2,225,0,0.3360592968612201,0.3360592968612201
1,3,226,0,5.414813180748286e-05,5.414813180748286e-05
1,4,227,0,0.01898499107329022,0.01898499107329022
1,3,228,0,0.07004203710357493,0.07004203710357493
1,2,229,1,0.9447864361840929,0.9447864361840929
1,3,230,1,0.99981721946856,0.99981721946856
1,3,231,0,0.0013900081356927917,0.0013900081356927917
1,3,232,0,0.03258313824299504,0.03258313824299504
1,2,233,1,0.9999920702058742,0.9999920702058742
1,3,234,0,5.26192922742291e-06,5.26192922742291e-06
1,2,235,0,0.01948608291564412,0.01948608291564412
1,2,236,1,0.9999999999478628,0.9999999999478628
1,3,237,1,0.9981691477992294,0.9981691477992294
1,0,238,0,0.7236746454320511,0.7236746454320511
1,0,239,1,0.9999992206615936,0.9999992206615936
1,4,240,0,0.012272339084264065,0.012272339084264065
1,2,241,0,0.00018334624577453744,0.00018334624577453744
1,2,242,0,0.015425127985658406,0.015425127985658406
1,1,243,0,0.025027016245880572,0.025027016245880572
1,2,244,1,0.9998388636383394,0.9998388636383394
1,1,246,0,0.0018860088425555004,0.0018860088425555004
1,0,247,0,0.003909918409866506,0.003909918409866506
1,4,248,0,0.05456971675971284,0.05456971675971284
1,2,249,0,0.0025509268773849505,0.0025509268773849505
1,2,251,0,0.004411921261413661,0.004411921261413661
1,4,252,1,0.9999991090000612,0.9999991090000612
1,4,253,1,0.9918652087888675,0.9918652087888675
1,1,254,1,0.9999924323973401,0.9999924323973401
1,1,255,1,0.39017204684167994,0.39017204684167994
1,4,256,1,0.999999773736827,0.999999773736827
1,3,257,1,0.9927541448004189,0.9927541448004189
1,2,258,1,0.9999998002354783,0.9999998002354783
1,4,259,1,0.9999875798847452,0.9999875798847452
1,0,260,1,0.999999312464652,0.999999312464652
1,2,261,1,0.8609380134033472,0.8609380134033472
1,1,262,1,0.9948030381705819,0.9948030381705819
1,4,263,1,0.2896296238612558,0.2896296238612558
1,2,264,1,0.9996618394101784,0.9996618394101784
1,0,265,1,0.9999999999986227,0.9999999999986227
1,4,266,0,0.002108464919776157,0.002108464919776157
1,0,267,0,0.013316048801953705,0.013316048801953705
1,2,268,0,0.007068258650820648,0.007068258650820648
1,3,270,0,8.173034685005523e-05,8.173034685005523e-05
1,0,271,0,0.00016290116536240082,0.00016290116536240082
1,1,272,1,0.9999999767484452,0.9999999767484452
1,1,273,0,0.0001907251940748966,0.0001907251940748966
1,0,274,1,0.9959918428112873,0.9959918428112873
1,3,276,0,1.9870505678589874e-05,1.9870505678589874e-05
1,2,278,0,0.0049505669027601245,0.0049505669027601245
1,0,279,0,0.011806325995918783,0.011806325995918783
1,4,281,0,0.00597533499108135,0.00597533499108135
1,1,283,1,0.920746297510653,0.920746297510653
1,3,284,0,6.038300994136257e-05,6.038300994136257e-05
1,2,285,0,0.00017527848961393017,0.00017527848961393017
1,4,286,0,0.001726184888128172,0.001726184888128172
1,3,287,0,8.032017967001004e-06,8.032017967001004e-06
1,0,288,0,0.0004388664188062992,0.0004388664188062992
1,3,289,0,0.00026250130124545355,0.00026250130124545355
1,0,290,0,0.0001876974480048308,0.0001876974480048308
1,1,291,0,0.34148841761165133,0.34148841761165133
1,1,292,0,0.007671749394039103,0.007671749394039103
1,3,293,0,0.0021674263759610983,0.0021674263759610983
1,0,295,0,0.0004123574987872021,0.0004123574987872021
1,3,297,1,0.0037811372128771868,0.0037811372128771868
1,2,298,0,0.005124804980088589,0.005124804980088589
1,0,299,0,0.0003507628680212693,0.0003507628680212693
1,4,300,1,0.9999999738925232,0.9999999738925232
1,0,301,0,0.00177276692232581,0.00177276692232581
1,1,302,1,0.9999995834858456,0.9999995834858456
1,0,303,0,0.0002576920343876337,0.0002576920343876337
1,0,304,0,0.00019946399986000554,0.00019946399986000554
1,4,305,0,0.0020575657282619593,0.0020575657282619593
1,1,306,0,0.00039059318215138616,0.00039059318215138616
1,4,307,0,4.070712983478812e-06,4.070712983478812e-06
1,1,310,0,0.0019378987559536434,0.0019378987559536434
1,2,311,0,0.007679659128486505,0.007679659128486505
1,1,312,0,0.0007219936032334104,0.0007219936032334104
1,2,313,0,2.5491055930238384e-05,2.5491055930238384e-05
1,0,315,0,7.400574696945472e-05,7.400574696945472e-05
1,0,316,0,2.222633570178405e-05,2.222633570178405e-05
1,1,317,1,0.9984740660400523,0.9984740660400523
1,2,319,0,9.323475363217035e-05,9.323475363217035e-05
1,0,320,0,0.00012571810493296036,0.00012571810493296036
1,0,322,0,0.0033835994705084206,0.0033835994705084206
1,3,323,1,0.999999999070561,0.999999999070561
1,2,324,0,0.0008864218223570957,0.0008864218223570957
1,4,326,0,0.0010248133630715527,0.0010248133630715527
1,4,327,0,0.00010986117783351131,0.00010986117783351131
1,3,328,1,0.999188262480664,0.999188262480664
1,3,330,1,0.9089574076081244,0.9089574076081244
1,4,331,0,0.0277873793172528,0.0277873793172528
1,3,332,0,0.00013009443981044,0.00013009443981044
1,4,333,0,9.03401437909343e-05,9.03401437909343e-05
1,1,334,0,0.0012943159656176235,0.0012943159656176235
1,0,335,1,0.9999942018583969,0.9999942018583969
1,1,336,0,7.021098412081146e-05,7.021098412081146e-05
1,2,337,1,0.999989895500973,0.999989895500973
1,1,338,0,0.0005569829199407338,0.0005569829199407338
1,4,339,1,0.9999999999684008,0.9999999999684008
1,2,340,0,0.2015492691013974,0.2015492691013974
1,1,341,0,0.0002677403576885294,0.0002677403576885294
1,2,342,0,0.00219927181602904,0.00219927181602904
1,1,343,1,0.9999931103115628,0.9999931103115628
1,0,344,0,0.003218695440202222,0.003218695440202222
1,1,350,0,0.0006553732918212774,0.0006553732918212774
1,4,351,1,0.9979526769746089,0.9979526769746089
1,4,352,1,0.9999999999981932,0.9999999999981932
1,0,353,1,0.9995067724741862,0.9995067724741862
1,1,354,0,3.4101060335180887e-05,3.4101060335180887e-05
1,0,355,0,0.0033492842688054233,0.0033492842688054233
1,3,356,0,0.005764422069483388,0.005764422069483388
1,2,357,0,0.0035427921748788825,0.0035427921748788825
1,2,358,0,7.343074675805453e-05,7.343074675805453e-05
1,1,359,0,0.0031925345233718315,0.0031925345233718315
1,0,360,0,0.00027779346274110317,0.00027779346274110317
1,1,361,0,0.009753737341568182,0.009753737341568182
1,4,363,0,0.4423269620644174,0.4423269620644174
1,4,364,0,0.0012686794793333408,0.0012686794793333408
1,0,365,1,0.9999485933466349,0.9999485933466349
1,4,366,1,0.9999998980323845,0.9999998980323845
1,3,367,0,0.026120791227326412,0.026120791227326412
1,3,368,1,0.9999999992524153,0.9999999992524153
1,0,369,1,0.9999999968849442,0.9999999968849442
1,0,370,1,0.9999576059865557,0.9999576059865557
1,0,372,1,0.9986394345058967,0.9986394345058967
1,3,373,1,0.9999898801331475,0.9999898801331475
1,3,374,0,0.0023295336299389616,0.0023295336299389616
1,0,376,0,0.00045451131917910177,0.00045451131917910177
1,3,377,0,0.037704786017916984,0.037704786017916984
1,2,378,0,0.0024664259214046288,0.0024664259214046288
1,1,379,1,0.9038741118960227,0.9038741118960227
1,0,380,0,0.014847484382016598,0.014847484382016598
1,1,382,0,0.0003019851020683208,0.0003019851020683208
1,3,384,0,0.0009283428383351044,0.0009283428383351044
1,1,386,0,0.0005616748140329501,0.0005616748140329501
1,2,388,0,1.918095981267846e-05,1.918095981267846e-05
1,1,389,1,0.9997205375844258,0.9997205375844258
1,4,390,0,4.8799760488987205e-05,4.8799760488987205e-05
1,0,391,0,1.860514159831718e-05,1.860514159831718e-05
1,0,392,1,0.9999724790066855,0.9999724790066855
1,4,394,0,0.012598021741285699,0.012598021741285699
1,0,395,0,0.003945019756541046,0.003945019756541046
1,2,396,0,0.24803468094200376,0.24803468094200376
1,4,397,0,0.0006660425583645605,0.0006660425583645605
1,3,398,0,6.559579586581555e-05,6.559579586581555e-05
1,1,399,0,0.002843077075729362,0.002843077075729362
1,2,400,1,0.999977725758135,0.999977725758135
1,0,401,0,0.0005321555739903871,0.0005321555739903871
1,2,402,0,0.001113639766239707,0.001113639766239707
1,3,403,0,0.006381836497980612,0.006381836497980612
1,2,404,0,0.0005562958044174073,0.0005562958044174073
1,4,405,0,0.005901467401051649,0.005901467401051649
1,0,406,0,0.10391986720280584,0.10391986720280584
1,3,407,0,8.688668608583115e-05,8.688668608583115e-05
1,3,408,1,0.9980065284617501,0.9980065284617501
1,2,409,0,0.03890423991250856,0.03890423991250856
1,1,412,0,3.41504245443031e-05,3.41504245443031e-05
1,1,413,0,0.5256849237275901,0.5256849237275901
1,1,414,1,0.9389498956919289,0.9389498956919289
1,4,415,0,0.0081121105838533,0.0081121105838533
1,4,416,0,0.004116108426821508,0.004116108426821508
1,3,417,1,0.9999997381701365,0.9999997381701365
1,3,419,0,0.0016895945673998745,0.0016895945673998745
1,3,421,0,0.01487311436731355,0.01487311436731355
1,2,422,0,0.00604856755361326,0.00604856755361326
1,0,423,0,0.07136274437109263,0.07136274437109263
1,2,424,0,0.004094587049295299,0.004094587049295299
1,1,425,0,0.0002152759510658634,0.0002152759510658634
1,4,426,0,0.0006939007866230009,0.0006939007866230009
1,2,427,0,0.019141168817360082,0.019141168817360082
1,4,430,1,0.9829890562737481,0.9829890562737481
1,3,431,0,0.00013997926970289018,0.00013997926970289018
1,0,432,1,0.9999848450856039,0.9999848450856039
1,1,434,0,0.014990390658401244,0.014990390658401244
1,1,435,1,0.944026542357179,0.944026542357179
1,2,436,0,0.013986742993870012,0.013986742993870012
1,1,437,0,0.023496700272492545,0.023496700272492545
1,4,439,0,0.0009393687359895798,0.0009393687359895798
1,1,441,1,0.9985730218026676,0.9985730218026676
1,0,442,0,0.0003258976689172572,0.0003258976689172572
1,0,443,0,2.3340186365918937e-05,2.3340186365918937e-05
1,0,444,1,0.9511525380483158,0.9511525380483158
1,1,445,0,0.06598429577364619,0.06598429577364619
1,1,446,1,0.9999870977052788,0.9999870977052788
1,3,449,1,0.9999988306974942,0.9999988306974942
1,2,450,0,0.00017233223005337216,0.00017233223005337216
1,1,452,0,0.02623868847927573,0.02623868847927573
1,2,453,0,0.03571198818749541,0.03571198818749541
1,2,454,0,0.008946568902343792,0.008946568902343792
1,3,457,0,0.05402254240557132,0.05402254240557132
1,1,458,0,0.03616958330463393,0.03616958330463393
1,4,460,1,0.9999987711202398,0.9999987711202398
1,3,461,1,1.0,1.0
1,1,462,0,0.07511762751572669,0.07511762751572669
1,3,463,0,0.0011301214171772925,0.0011301214171772925
1,4,465,0,0.02448734690957071,0.02448734690957071
1,3,466,0,0.06442937498673645,0.06442937498673645
1,2,467,0,0.0004531383767049255,0.0004531383767049255
1,0,469,0,0.17763835352838223,0.17763835352838223
1,1,470,0,0.0014846566757973905,0.0014846566757973905
1,4,471,0,0.11622731725001013,0.11622731725001013
1,1,472,0,0.03313913468726246,0.03313913468726246
1,2,473,0,0.0037903157095655862,0.0037903157095655862
1,1,474,0,0.00012740464476934793,0.00012740464476934793
1,1,475,0,0.005478897818955789,0.005478897818955789
1,3,476,0,0.10031440853982201,0.10031440853982201
1,1,477,0,0.0018018218635161864,0.0018018218635161864
1,4,478,0,0.00073206929520699,0.00073206929520699
1,1,480,0,0.002053787745399668,0.002053787745399668
1,4,481,0,0.029280542762294075,0.029280542762294075
1,0,482,0,0.010270863863364831,0.010270863863364831
1,3,484,0,0.06995352685390832,0.06995352685390832
1,0,485,0,0.006271891431974257,0.006271891431974257
1,0,486,0,0.03903233258881473,0.03903233258881473
1,4,488,0,0.01869012332863454,0.01869012332863454
1,3,489,1,0.9287596716404213,0.9287596716404213
1,4,490,0,0.02700609758455531,0.02700609758455531
1,2,491,0,0.13975147215652384,0.13975147215652384
1,1,492,1,0.9994516537122001,0.9994516537122001
1,4,493,0,2.4326126860955735e-05,2.4326126860955735e-05
1,0,494,0,0.004456262773128523,0.004456262773128523
1,2,495,0,0.15774890112089893,0.15774890112089893
1,1,496,0,0.06555492177769691,0.06555492177769691
1,4,497,0,0.007157009936434078,0.007157009936434078
1,4,498,1,0.9997728524320127,0.9997728524320127
1,1,499,1,0.9999962813530839,0.9999962813530839
1,3,500,0,0.033654556407230404,0.033654556407230404
1,2,501,1,0.9709795852535876,0.9709795852535876
1,4,504,0,0.0005237290905789167,0.0005237290905789167
1,3,507,0,2.399981718161807e-05,2.399981718161807e-05
1,2,508,0,0.08872268515321527,0.08872268515321527
1,2,509,1,0.9983886937585568,0.9983886937585568
1,0,510,0,4.8684834338756426e-05,4.8684834338756426e-05
1,3,512,1,0.9970793074116341,0.9970793074116341
1,0,513,0,0.043829528145187056,0.043829528145187056
1,2,514,1,0.5434549993865487,0.5434549993865487
1,2,515,0,0.009015231983450946,0.009015231983450946
1,1,516,1,0.9997555504025102,0.9997555504025102
1,1,517,1,0.9998201088804297,0.9998201088804297
1,4,518,0,0.0905565101579239,0.0905565101579239
1,4,519,0,0.022214517375876767,0.022214517375876767
1,3,520,0,9.236741821303474e-05,9.236741821303474e-05
1,2,521,1,0.9999999977685192,0.9999999977685192
1,4,523,0,0.09818323957906953,0.09818323957906953
1,1,524,0,0.0001692791401268966,0.0001692791401268966
1,2,525,0,6.499046430570105e-05,6.499046430570105e-05
1,3,526,0,0.6675299486861461,0.6675299486861461
1,3,527,0,0.0025021976975571985,0.0025021976975571985
1,1,530,0,0.03297437123480475,0.03297437123480475
1,4,531,0,0.025282909759862776,0.025282909759862776
1,0,532,0,0.006138686767356307,0.006138686767356307
1,4,535,1,0.9999978325186571,0.9999978325186571
1,1,536,1,0.6880692271710546,0.6880692271710546
1,3,537,0,0.018278700203078313,0.018278700203078313
1,4,538,0,0.00020824369801015645,0.00020824369801015645
1,3,539,0,4.283405332451323e-06,4.283405332451323e-06
1,4,540,0,8.113297449734458e-05,8.113297449734458e-05
1,2,541,0,0.38700862923282325,0.38700862923282325
1,0,542,0,0.5122877616204583,0.5122877616204583
1,0,543,0,0.22247883511975164,0.22247883511975164
1,4,544,0,0.006474629614050158,0.006474629614050158
1,0,545,0,0.05050700502962595,0.05050700502962595
1,4,546,0,7.6519469688819e-05,7.6519469688819e-05
1,4,547,0,6.646488879220554e-05,6.646488879220554e-05
1,4,549,0,0.01679612801117637,0.01679612801117637
1,3,550,0,7.663771120063939e-06,7.663771120063939e-06
1,2,551,0,0.0012980283516884905,0.0012980283516884905
1,4,552,0,0.09244338842500958,0.09244338842500958
1,0,555,0,0.01248599871582492,0.01248599871582492
1,4,557,0,0.0015381691967860064,0.0015381691967860064
1,3,558,0,0.007023324928762212,0.007023324928762212
1,0,559,0,0.07929166771406648,0.07929166771406648
1,3,561,0,7.316529337180609e-05,7.316529337180609e-05
1,3,562,1,0.9999974409504442,0.9999974409504442
1,0,564,1,0.999999997120369,0.999999997120369
1,1,565,1,0.9999979461572069,0.9999979461572069
1,3,566,1,0.9414203872764404,0.9414203872764404
1,4,567,1,0.9999999991877249,0.9999999991877249
