date,element,value_c,raw_tenths_c,measurement_flag,quality_flag,source_flag
2023-01-01,TMAX,16.7,167,,,W
2023-01-01,TMIN,8.9,89,,,W
2023-01-02,TMAX,14.4,144,,,W
2023-01-02,TMIN,8.3,83,,,W
2023-01-03,TMAX,16.1,161,,,W
2023-01-03,TMIN,9.4,94,,,W
2023-01-04,TMAX,18.9,189,,,W
2023-01-04,TMIN,9.4,94,,,W
2023-01-05,TMAX,17.8,178,,,W
2023-01-05,TMIN,9.4,94,,,W
2023-01-06,TMAX,16.1,161,,,W
2023-01-06,TMIN,9.4,94,,,W
2023-01-07,TMAX,20.6,206,,,W
2023-01-07,TMIN,6.1,61,,,W
2023-01-08,TMAX,21.7,217,,,W
2023-01-08,TMIN,6.7,67,,,W
2023-01-09,TMAX,20.6,206,,,W
2023-01-09,TMIN,8.3,83,,,W
2023-01-10,TMAX,21.1,211,,,W
2023-01-10,TMIN,9.4,94,,,W
2023-01-11,TMAX,18.9,189,,,W
2023-01-11,TMIN,9.4,94,,,W
2023-01-12,TMAX,23.3,233,,,W
2023-01-12,TMIN,6.7,67,,,W
2023-01-13,TMAX,24.4,244,,,W
2023-01-13,TMIN,10.0,100,,,W
2023-01-14,TMAX,18.3,183,,,W
2023-01-14,TMIN,8.9,89,,,W
2023-01-15,TMAX,15.6,156,,,W
2023-01-15,TMIN,10.0,100,,,W
2023-01-16,TMAX,16.1,161,,,W
2023-01-16,TMIN,10.0,100,,,W
2023-01-17,TMAX,14.4,144,,,W
2023-01-17,TMIN,8.3,83,,,W
2023-01-18,TMAX,15.6,156,,,W
2023-01-18,TMIN,7.2,72,,,W
2023-01-19,TMAX,16.1,161,,,W
2023-01-19,TMIN,5.6,56,,,W
2023-01-20,TMAX,14.4,144,,,W
2023-01-20,TMIN,7.2,72,,,W
2023-01-21,TMAX,15.0,150,,,W
2023-01-21,TMIN,3.3,33,,,W
2023-01-22,TMAX,15.6,156,,,W
2023-01-22,TMIN,3.9,39,,,W
2023-01-23,TMAX,10.0,100,,,W
2023-01-23,TMIN,3.3,33,,,W
2023-01-24,TMAX,13.3,133,,,W
2023-01-24,TMIN,1.7,17,,,W
2023-01-25,TMAX,16.7,167,,,W
2023-01-25,TMIN,2.8,28,,,W
2023-01-26,TMAX,17.2,172,,,W
2023-01-26,TMIN,2.2,22,,,W
2023-01-27,TMAX,17.8,178,,,W
2023-01-27,TMIN,3.3,33,,,W
2023-01-28,TMAX,18.3,183,,,W
2023-01-28,TMIN,3.9,39,,,W
2023-01-29,TMAX,20.6,206,,,W
2023-01-29,TMIN,4.4,44,,,W
2023-01-30,TMAX,17.2,172,,,W
2023-01-30,TMIN,8.3,83,,,W
2023-01-31,TMAX,17.8,178,,,W
2023-01-31,TMIN,7.2,72,,,W
2023-02-01,TMAX,20.0,200,,,W
2023-02-01,TMIN,6.1,61,,,W
2023-02-02,TMAX,20.0,200,,,W
2023-02-02,TMIN,6.1,61,,,W
2023-02-03,TMAX,23.3,233,,,W
2023-02-03,TMIN,6.7,67,,,W
2023-02-04,TMAX,24.4,244,,,W
2023-02-04,TMIN,7.8,78,,,W
2023-02-05,TMAX,23.9,239,,,W
2023-02-05,TMIN,8.3,83,,,W
2023-02-06,TMAX,21.1,211,,,W
2023-02-06,TMIN,8.9,89,,,W
2023-02-07,TMAX,20.6,206,,,W
2023-02-07,TMIN,6.1,61,,,W
2023-02-08,TMAX,21.1,211,,,W
2023-02-08,TMIN,5.6,56,,,W
2023-02-09,TMAX,20.6,206,,,W
2023-02-09,TMIN,6.1,61,,,W
2023-02-10,TMAX,22.2,222,,,W
2023-02-10,TMIN,8.9,89,,,W
2023-02-11,TMAX,23.9,239,,,W
2023-02-11,TMIN,11.7,117,,,W
2023-02-12,TMAX,26.1,261,,,W
2023-02-12,TMIN,8.9,89,,,W
2023-02-13,TMAX,15.0,150,,,W
2023-02-13,TMIN,8.3,83,,,W
2023-02-14,TMAX,13.9,139,,,W
2023-02-14,TMIN,5.6,56,,,W
2023-02-15,TMAX,12.8,128,,,W
2023-02-15,TMIN,4.4,44,,,W
2023-02-16,TMAX,15.0,150,,,W
2023-02-16,TMIN,1.7,17,,,W
2023-02-17,TMAX,18.9,189,,,W
2023-02-17,TMIN,8.3,83,,,W
2023-02-18,TMAX,22.8,228,,,W
2023-02-18,TMIN,11.7,117,,,W
2023-02-19,TMAX,23.9,239,,,W
2023-02-19,TMIN,11.7,117,,,W
2023-02-20,TMAX,24.4,244,,,W
2023-02-20,TMIN,10.6,106,,,W
2023-02-21,TMAX,20.0,200,,,W
2023-02-21,TMIN,12.8,128,,,W
2023-02-22,TMAX,15.6,156,,,W
2023-02-22,TMIN,9.4,94,,,W
2023-02-23,TMAX,16.1,161,,,W
2023-02-23,TMIN,8.3,83,,,W
2023-02-24,TMAX,20.0,200,,,W
2023-02-24,TMIN,6.7,67,,,W
2023-02-25,TMAX,24.4,244,,,W
2023-02-25,TMIN,11.1,111,,,W
2023-02-26,TMAX,15.0,150,,,W
2023-02-26,TMIN,6.1,61,,,W
2023-02-27,TMAX,18.3,183,,,W
2023-02-27,TMIN,5.6,56,,,W
2023-02-28,TMAX,18.9,189,,,W
2023-02-28,TMIN,6.1,61,,,W
2023-03-01,TMAX,17.8,178,,,W
2023-03-01,TMIN,5.6,56,,,W
2023-03-02,TMAX,12.2,122,,,W
2023-03-02,TMIN,5.0,50,,,W
2023-03-03,TMAX,17.2,172,,,W
2023-03-03,TMIN,6.1,61,,,W
2023-03-04,TMAX,21.1,211,,,W
2023-03-04,TMIN,7.2,72,,,W
2023-03-05,TMAX,22.2,222,,,W
2023-03-05,TMIN,8.3,83,,,W
2023-03-06,TMAX,23.3,233,,,W
2023-03-06,TMIN,11.1,111,,,W
2023-03-07,TMAX,22.8,228,,,W
2023-03-07,TMIN,13.3,133,,,W
2023-03-08,TMAX,24.4,244,,,W
2023-03-08,TMIN,8.9,89,,,W
2023-03-09,TMAX,23.3,233,,,W
2023-03-09,TMIN,10.6,106,,,W
2023-03-10,TMAX,26.1,261,,,W
2023-03-10,TMIN,11.7,117,,,W
2023-03-11,TMAX,25.6,256,,,W
2023-03-11,TMIN,16.1,161,,,W
2023-03-12,TMAX,27.8,278,,,W
2023-03-12,TMIN,13.3,133,,,W
2023-03-13,TMAX,27.2,272,,,W
2023-03-13,TMIN,13.9,139,,,W
2023-03-14,TMAX,26.7,267,,,W
2023-03-14,TMIN,12.8,128,,,W
2023-03-15,TMAX,20.0,200,,,W
2023-03-15,TMIN,12.8,128,,,W
2023-03-16,TMAX,22.2,222,,,W
2023-03-16,TMIN,11.7,117,,,W
2023-03-17,TMAX,23.3,233,,,W
2023-03-17,TMIN,11.7,117,,,W
2023-03-18,TMAX,22.8,228,,,W
2023-03-18,TMIN,10.6,106,,,W
2023-03-19,TMAX,22.2,222,,,W
2023-03-19,TMIN,12.8,128,,,W
2023-03-20,TMAX,22.8,228,,,W
2023-03-20,TMIN,13.3,133,,,W
2023-03-21,TMAX,18.9,189,,,W
2023-03-21,TMIN,15.6,156,,,W
2023-03-22,TMAX,18.3,183,,,W
2023-03-22,TMIN,11.1,111,,,W
2023-03-23,TMAX,21.1,211,,,W
2023-03-23,TMIN,8.9,89,,,W
2023-03-24,TMAX,21.1,211,,,W
2023-03-24,TMIN,11.7,117,,,W
2023-03-25,TMAX,21.7,217,,,W
2023-03-25,TMIN,8.9,89,,,W
2023-03-26,TMAX,22.2,222,,,W
2023-03-26,TMIN,10.0,100,,,W
2023-03-27,TMAX,22.8,228,,,W
2023-03-27,TMIN,9.4,94,,,W
2023-03-28,TMAX,27.2,272,,,W
2023-03-28,TMIN,10.6,106,,,W
2023-03-29,TMAX,27.8,278,,,W
2023-03-29,TMIN,10.6,106,,,W
2023-03-30,TMAX,18.9,189,,,W
2023-03-30,TMIN,13.3,133,,,W
2023-03-31,TMAX,21.1,211,,,W
2023-03-31,TMIN,8.9,89,,,W
2023-04-01,TMAX,27.2,272,,,W
2023-04-01,TMIN,11.1,111,,,W
2023-04-02,TMAX,27.8,278,,,W
2023-04-02,TMIN,11.7,117,,,W
2023-04-03,TMAX,28.3,283,,,W
2023-04-03,TMIN,12.2,122,,,W
2023-04-04,TMAX,18.3,183,,,W
2023-04-04,TMIN,8.3,83,,,W
2023-04-05,TMAX,20.6,206,,,W
2023-04-05,TMIN,7.8,78,,,W
2023-04-06,TMAX,26.1,261,,,W
2023-04-06,TMIN,10.0,100,,,W
2023-04-07,TMAX,28.3,283,,,W
2023-04-07,TMIN,12.8,128,,,W
2023-04-08,TMAX,29.4,294,,,W
2023-04-08,TMIN,12.8,128,,,W
2023-04-09,TMAX,31.7,317,,,W
2023-04-09,TMIN,15.0,150,,,W
2023-04-10,TMAX,36.7,367,,,W
2023-04-10,TMIN,16.7,167,,,W
2023-04-11,TMAX,37.2,372,,,W
2023-04-11,TMIN,18.9,189,,,W
2023-04-12,TMAX,33.3,333,,,W
2023-04-12,TMIN,17.8,178,,,W
2023-04-13,TMAX,28.3,283,,,W
2023-04-13,TMIN,17.8,178,,,W
2023-04-14,TMAX,26.1,261,,,W
2023-04-14,TMIN,14.4,144,,,W
2023-04-15,TMAX,30.0,300,,,W
2023-04-15,TMIN,15.0,150,,,W
2023-04-16,TMAX,32.2,322,,,W
2023-04-16,TMIN,16.1,161,,,W
2023-04-17,TMAX,33.3,333,,,W
2023-04-17,TMIN,17.8,178,,,W
2023-04-18,TMAX,31.1,311,,,W
2023-04-18,TMIN,17.2,172,,,W
2023-04-19,TMAX,28.3,283,,,W
2023-04-19,TMIN,17.8,178,,,W
2023-04-20,TMAX,30.0,300,,,W
2023-04-20,TMIN,15.0,150,,,W
2023-04-21,TMAX,32.2,322,,,W
2023-04-21,TMIN,16.1,161,,,W
2023-04-22,TMAX,34.4,344,,,W
2023-04-22,TMIN,16.7,167,,,W
2023-04-23,TMAX,35.6,356,,,W
2023-04-23,TMIN,18.9,189,,,W
2023-04-24,TMAX,33.3,333,,,W
2023-04-24,TMIN,20.0,200,,,W
2023-04-25,TMAX,33.3,333,,,W
2023-04-25,TMIN,18.3,183,,,W
2023-04-26,TMAX,32.2,322,,,W
2023-04-26,TMIN,17.2,172,,,W
2023-04-27,TMAX,35.6,356,,,W
2023-04-27,TMIN,18.9,189,,,W
2023-04-28,TMAX,36.7,367,,,W
2023-04-28,TMIN,19.4,194,,,W
2023-04-29,TMAX,37.2,372,,,W
2023-04-29,TMIN,21.7,217,,,W
2023-04-30,TMAX,38.9,389,,,W
2023-04-30,TMIN,21.1,211,,,W
2023-05-01,TMAX,35.0,350,,,W
2023-05-01,TMIN,22.2,222,,,W
2023-05-02,TMAX,33.3,333,,,W
2023-05-02,TMIN,18.9,189,,,W
2023-05-03,TMAX,31.7,317,,,W
2023-05-03,TMIN,20.0,200,,,W
2023-05-04,TMAX,28.3,283,,,W
2023-05-04,TMIN,17.8,178,,,W
2023-05-05,TMAX,27.8,278,,,W
2023-05-05,TMIN,16.1,161,,,W
2023-05-06,TMAX,30.6,306,,,W
2023-05-06,TMIN,16.7,167,,,W
2023-05-07,TMAX,32.2,322,,,W
2023-05-07,TMIN,17.2,172,,,W
2023-05-08,TMAX,33.9,339,,,W
2023-05-08,TMIN,18.3,183,,,W
2023-05-09,TMAX,33.9,339,,,W
2023-05-09,TMIN,19.4,194,,,W
2023-05-10,TMAX,27.2,272,,,W
2023-05-10,TMIN,18.9,189,,,W
2023-05-11,TMAX,32.2,322,,,W
2023-05-11,TMIN,16.7,167,,,W
2023-05-12,TMAX,36.1,361,,,W
2023-05-12,TMIN,18.9,189,,,W
2023-05-13,TMAX,37.8,378,,,W
2023-05-13,TMIN,21.7,217,,,W
2023-05-14,TMAX,38.3,383,,,W
2023-05-14,TMIN,22.8,228,,,W
2023-05-15,TMAX,39.4,394,,,W
2023-05-15,TMIN,25.6,256,,,W
2023-05-16,TMAX,40.6,406,,,W
2023-05-16,TMIN,27.8,278,,,W
2023-05-17,TMAX,38.9,389,,,W
2023-05-17,TMIN,25.6,256,,,W
2023-05-18,TMAX,37.8,378,,,W
2023-05-18,TMIN,23.9,239,,,W
2023-05-19,TMAX,34.4,344,,,W
2023-05-19,TMIN,22.8,228,,,W
2023-05-20,TMAX,36.7,367,,,W
2023-05-20,TMIN,21.1,211,,,W
2023-05-21,TMAX,38.3,383,,,W
2023-05-21,TMIN,23.9,239,,,W
2023-05-22,TMAX,39.4,394,,,W
2023-05-22,TMIN,25.6,256,,,W
2023-05-23,TMAX,38.9,389,,,W
2023-05-23,TMIN,23.9,239,,,W
2023-05-24,TMAX,37.8,378,,,W
2023-05-24,TMIN,23.3,233,,,W
2023-05-25,TMAX,37.8,378,,,W
2023-05-25,TMIN,22.8,228,,,W
2023-05-26,TMAX,37.2,372,,,W
2023-05-26,TMIN,22.2,222,,,W
2023-05-27,TMAX,37.2,372,,,W
2023-05-27,TMIN,21.7,217,,,W
2023-05-28,TMAX,38.3,383,,,W
2023-05-28,TMIN,21.7,217,,,W
2023-05-29,TMAX,38.3,383,,,W
2023-05-29,TMIN,22.8,228,,,W
2023-05-30,TMAX,37.8,378,,,W
2023-05-30,TMIN,23.3,233,,,W
2023-05-31,TMAX,34.4,344,,,W
2023-05-31,TMIN,21.1,211,,,W
2023-06-01,TMAX,33.3,333,,,W
2023-06-01,TMIN,20.6,206,,,W
2023-06-02,TMAX,35.0,350,,,W
2023-06-02,TMIN,23.3,233,,,W
2023-06-03,TMAX,38.9,389,,,W
2023-06-03,TMIN,23.9,239,,,W
2023-06-04,TMAX,40.6,406,,,W
2023-06-04,TMIN,25.0,250,,,W
2023-06-05,TMAX,41.7,417,,,W
2023-06-05,TMIN,25.6,256,,,W
2023-06-06,TMAX,38.3,383,,,W
2023-06-06,TMIN,22.8,228,,,W
2023-06-07,TMAX,36.7,367,,,W
2023-06-07,TMIN,20.6,206,,,W
2023-06-08,TMAX,36.7,367,,,W
2023-06-08,TMIN,21.7,217,,,W
2023-06-09,TMAX,36.1,361,,,W
2023-06-09,TMIN,22.2,222,,,W
2023-06-10,TMAX,38.3,383,,,W
2023-06-10,TMIN,22.8,228,,,W
2023-06-11,TMAX,35.6,356,,,W
2023-06-11,TMIN,22.8,228,,,W
2023-06-12,TMAX,33.9,339,,,W
2023-06-12,TMIN,21.7,217,,,W
2023-06-13,TMAX,35.6,356,,,W
2023-06-13,TMIN,23.3,233,,,W
2023-06-14,TMAX,38.3,383,,,W
2023-06-14,TMIN,23.3,233,,,W
2023-06-15,TMAX,38.3,383,,,W
2023-06-15,TMIN,25.0,250,,,W
2023-06-16,TMAX,40.0,400,,,W
2023-06-16,TMIN,24.4,244,,,W
2023-06-17,TMAX,41.1,411,,,W
2023-06-17,TMIN,24.4,244,,,W
2023-06-18,TMAX,42.8,428,,,W
2023-06-18,TMIN,25.6,256,,,W
2023-06-19,TMAX,40.6,406,,,W
2023-06-19,TMIN,25.6,256,,,W
2023-06-20,TMAX,40.6,406,,,W
2023-06-20,TMIN,27.2,272,,,W
2023-06-21,TMAX,42.8,428,,,W
2023-06-21,TMIN,25.0,250,,,W
2023-06-22,TMAX,42.8,428,,,W
2023-06-22,TMIN,25.0,250,,,W
2023-06-23,TMAX,39.4,394,,,W
2023-06-23,TMIN,25.0,250,,,W
2023-06-24,TMAX,41.1,411,,,W
2023-06-24,TMIN,22.2,222,,,W
2023-06-25,TMAX,43.9,439,,,W
2023-06-25,TMIN,25.6,256,,,W
2023-06-26,TMAX,44.4,444,,,W
2023-06-26,TMIN,27.2,272,,,W
2023-06-27,TMAX,43.9,439,,,W
2023-06-27,TMIN,27.2,272,,,W
2023-06-28,TMAX,42.2,422,,,W
2023-06-28,TMIN,26.7,267,,,W
2023-06-29,TMAX,42.2,422,,,W
2023-06-29,TMIN,25.6,256,,,W
2023-06-30,TMAX,43.3,433,,,W
2023-06-30,TMIN,25.6,256,,,W
2023-07-01,TMAX,45.6,456,,,W
2023-07-01,TMIN,27.2,272,,,W
2023-07-02,TMAX,46.1,461,,,W
2023-07-02,TMIN,30.0,300,,,W
2023-07-03,TMAX,46.7,467,,,W
2023-07-03,TMIN,30.6,306,,,W
2023-07-04,TMAX,45.0,450,,,W
2023-07-04,TMIN,31.7,317,,,W
2023-07-05,TMAX,43.9,439,,,W
2023-07-05,TMIN,31.7,317,,,W
2023-07-06,TMAX,46.1,461,,,W
2023-07-06,TMIN,29.4,294,,,W
2023-07-07,TMAX,44.4,444,,,W
2023-07-07,TMIN,30.0,300,,,W
2023-07-08,TMAX,45.0,450,,,W
2023-07-08,TMIN,30.0,300,,,W
2023-07-09,TMAX,44.4,444,,,W
2023-07-09,TMIN,31.7,317,,,W
2023-07-10,TMAX,43.3,433,,,W
2023-07-10,TMIN,32.8,328,,,W
2023-07-11,TMAX,43.9,439,,,W
2023-07-11,TMIN,32.8,328,,,W
2023-07-12,TMAX,43.9,439,,,W
2023-07-12,TMIN,34.4,344,,,W
2023-07-13,TMAX,45.6,456,,,W
2023-07-13,TMIN,35.0,350,,,W
2023-07-14,TMAX,46.7,467,,,W
2023-07-14,TMIN,33.9,339,,,W
2023-07-15,TMAX,47.8,478,,,W
2023-07-15,TMIN,33.3,333,,,W
2023-07-16,TMAX,45.6,456,,,W
2023-07-16,TMIN,34.4,344,,,W
2023-07-17,TMAX,46.7,467,,,W
2023-07-17,TMIN,35.0,350,,,W
2023-07-18,TMAX,47.8,478,,,W
2023-07-18,TMIN,34.4,344,,,W
2023-07-19,TMAX,48.3,483,,,W
2023-07-19,TMIN,36.1,361,,,W
2023-07-20,TMAX,48.3,483,,,W
2023-07-20,TMIN,33.9,339,,,W
2023-07-21,TMAX,47.2,472,,,W
2023-07-21,TMIN,33.3,333,,,W
2023-07-22,TMAX,47.8,478,,,W
2023-07-22,TMIN,35.6,356,,,W
2023-07-23,TMAX,45.6,456,,,W
2023-07-23,TMIN,33.3,333,,,W
2023-07-24,TMAX,46.7,467,,,W
2023-07-24,TMIN,34.4,344,,,W
2023-07-25,TMAX,48.3,483,,,W
2023-07-25,TMIN,33.9,339,,,W
2023-07-26,TMAX,47.8,478,,,W
2023-07-26,TMIN,31.1,311,,,W
2023-07-27,TMAX,46.1,461,,,W
2023-07-27,TMIN,31.7,317,,,W
2023-07-28,TMAX,46.7,467,,,W
2023-07-28,TMIN,33.9,339,,,W
2023-07-29,TMAX,46.1,461,,,W
2023-07-29,TMIN,35.0,350,,,W
2023-07-30,TMAX,44.4,444,,,W
2023-07-30,TMIN,33.9,339,,,W
2023-07-31,TMAX,42.2,422,,,W
2023-07-31,TMIN,28.3,283,,,W
2023-08-01,TMAX,42.8,428,,,W
2023-08-01,TMIN,30.0,300,,,W
2023-08-02,TMAX,43.9,439,,,W
2023-08-02,TMIN,33.9,339,,,W
2023-08-03,TMAX,45.0,450,,,W
2023-08-03,TMIN,33.3,333,,,W
2023-08-04,TMAX,46.1,461,,,W
2023-08-04,TMIN,30.6,306,,,W
2023-08-05,TMAX,46.7,467,,,W
2023-08-05,TMIN,32.2,322,,,W
2023-08-06,TMAX,45.6,456,,,W
2023-08-06,TMIN,32.2,322,,,W
2023-08-07,TMAX,43.9,439,,,W
2023-08-07,TMIN,32.8,328,,,W
2023-08-08,TMAX,43.3,433,,,W
2023-08-08,TMIN,28.9,289,,,W
2023-08-09,TMAX,43.9,439,,,W
2023-08-09,TMIN,32.2,322,,,W
2023-08-10,TMAX,42.8,428,,,W
2023-08-10,TMIN,32.8,328,,,W
2023-08-11,TMAX,42.2,422,,,W
2023-08-11,TMIN,31.7,317,,,W
2023-08-12,TMAX,42.2,422,,,W
2023-08-12,TMIN,31.7,317,,,W
2023-08-13,TMAX,43.3,433,,,W
2023-08-13,TMIN,31.1,311,,,W
2023-08-14,TMAX,41.1,411,,,W
2023-08-14,TMIN,32.2,322,,,W
2023-08-15,TMAX,43.9,439,,,W
2023-08-15,TMIN,32.2,322,,,W
2023-08-16,TMAX,46.1,461,,,W
2023-08-16,TMIN,30.6,306,,,W
2023-08-17,TMAX,45.6,456,,,W
2023-08-17,TMIN,33.9,339,,,W
2023-08-18,TMAX,41.1,411,,,W
2023-08-18,TMIN,31.1,311,,,W
2023-08-19,TMAX,35.0,350,,,W
2023-08-19,TMIN,28.3,283,,,W
2023-08-20,TMAX,38.9,389,,,W
2023-08-20,TMIN,28.3,283,,,W
2023-08-21,TMAX,32.8,328,,,W
2023-08-21,TMIN,25.6,256,,,W
2023-08-22,TMAX,40.6,406,,,W
2023-08-22,TMIN,25.0,250,,,W
2023-08-23,TMAX,42.2,422,,,W
2023-08-23,TMIN,29.4,294,,,W
2023-08-24,TMAX,41.1,411,,,W
2023-08-24,TMIN,31.1,311,,,W
2023-08-25,TMAX,43.9,439,,,W
2023-08-25,TMIN,31.7,317,,,W
2023-08-26,TMAX,45.0,450,,,W
2023-08-26,TMIN,33.3,333,,,W
2023-08-27,TMAX,45.6,456,,,W
2023-08-27,TMIN,32.2,322,,,W
2023-08-28,TMAX,47.2,472,,,W
2023-08-28,TMIN,33.9,339,,,W
2023-08-29,TMAX,46.7,467,,,W
2023-08-29,TMIN,33.9,339,,,W
2023-08-30,TMAX,43.9,439,,,W
2023-08-30,TMIN,33.9,339,,,W
2023-08-31,TMAX,42.8,428,,,W
2023-08-31,TMIN,24.4,244,,,W
2023-09-01,TMAX,32.2,322,,,W
2023-09-01,TMIN,25.6,256,,,W
2023-09-02,TMAX,37.2,372,,,W
2023-09-02,TMIN,26.7,267,,,W
2023-09-03,TMAX,38.9,389,,,W
2023-09-03,TMIN,26.7,267,,,W
2023-09-04,TMAX,40.6,406,,,W
2023-09-04,TMIN,30.0,300,,,W
2023-09-05,TMAX,40.6,406,,,W
2023-09-05,TMIN,25.6,256,,,W
2023-09-06,TMAX,42.2,422,,,W
2023-09-06,TMIN,26.1,261,,,W
2023-09-07,TMAX,42.8,428,,,W
2023-09-07,TMIN,26.1,261,,,W
2023-09-08,TMAX,43.3,433,,,W
2023-09-08,TMIN,30.0,300,,,W
2023-09-09,TMAX,45.6,456,,,W
2023-09-09,TMIN,30.6,306,,,W
2023-09-10,TMAX,45.0,450,,,W
2023-09-10,TMIN,32.2,322,,,W
2023-09-11,TMAX,41.1,411,,,W
2023-09-11,TMIN,31.7,317,,,W
2023-09-12,TMAX,38.9,389,,,W
2023-09-12,TMIN,26.1,261,,,W
2023-09-13,TMAX,37.2,372,,,W
2023-09-13,TMIN,24.4,244,,,W
2023-09-14,TMAX,38.9,389,,,W
2023-09-14,TMIN,26.7,267,,,W
2023-09-15,TMAX,40.0,400,,,W
2023-09-15,TMIN,26.7,267,,,W
2023-09-16,TMAX,41.7,417,,,W
2023-09-16,TMIN,26.1,261,,,W
2023-09-17,TMAX,41.1,411,,,W
2023-09-17,TMIN,27.2,272,,,W
2023-09-18,TMAX,39.4,394,,,W
2023-09-18,TMIN,25.6,256,,,W
2023-09-19,TMAX,38.9,389,,,W
2023-09-19,TMIN,24.4,244,,,W
2023-09-20,TMAX,38.9,389,,,W
2023-09-20,TMIN,25.0,250,,,W
2023-09-21,TMAX,37.2,372,,,W
2023-09-21,TMIN,22.2,222,,,W
2023-09-22,TMAX,37.2,372,,,W
2023-09-22,TMIN,23.9,239,,,W
2023-09-23,TMAX,35.6,356,,,W
2023-09-23,TMIN,25.6,256,,,W
2023-09-24,TMAX,37.8,378,,,W
2023-09-24,TMIN,23.3,233,,,W
2023-09-25,TMAX,38.9,389,,,W
2023-09-25,TMIN,24.4,244,,,W
2023-09-26,TMAX,40.6,406,,,W
2023-09-26,TMIN,23.9,239,,,W
2023-09-27,TMAX,41.1,411,,,W
2023-09-27,TMIN,25.0,250,,,W
2023-09-28,TMAX,40.0,400,,,W
2023-09-28,TMIN,24.4,244,,,W
2023-09-29,TMAX,38.9,389,,,W
2023-09-29,TMIN,22.2,222,,,W
2023-09-30,TMAX,38.3,383,,,W
2023-09-30,TMIN,23.3,233,,,W
2023-10-01,TMAX,31.1,311,,,W
2023-10-01,TMIN,21.7,217,,,W
2023-10-02,TMAX,31.1,311,,,W
2023-10-02,TMIN,20.6,206,,,W
2023-10-03,TMAX,31.7,317,,,W
2023-10-03,TMIN,20.0,200,,,W
2023-10-04,TMAX,35.0,350,,,W
2023-10-04,TMIN,20.0,200,,,W
2023-10-05,TMAX,37.8,378,,,W
2023-10-05,TMIN,21.1,211,,,W
2023-10-06,TMAX,40.0,400,,,W
2023-10-06,TMIN,21.1,211,,,W
2023-10-07,TMAX,39.4,394,,,W
2023-10-07,TMIN,27.8,278,,,W
2023-10-08,TMAX,37.8,378,,,W
2023-10-08,TMIN,26.1,261,,,W
2023-10-09,TMAX,38.9,389,,,W
2023-10-09,TMIN,25.6,256,,,W
2023-10-10,TMAX,37.2,372,,,W
2023-10-10,TMIN,23.9,239,,,W
2023-10-11,TMAX,34.4,344,,,W
2023-10-11,TMIN,23.3,233,,,W
2023-10-12,TMAX,32.8,328,,,W
2023-10-12,TMIN,20.6,206,,,W
2023-10-13,TMAX,32.8,328,,,W
2023-10-13,TMIN,18.3,183,,,W
2023-10-14,TMAX,34.4,344,,,W
2023-10-14,TMIN,19.4,194,,,W
2023-10-15,TMAX,38.9,389,,,W
2023-10-15,TMIN,19.4,194,,,W
2023-10-16,TMAX,40.6,406,,,W
2023-10-16,TMIN,22.8,228,,,W
2023-10-17,TMAX,38.3,383,,,W
2023-10-17,TMIN,23.9,239,,,W
2023-10-18,TMAX,38.9,389,,,W
2023-10-18,TMIN,22.2,222,,,W
2023-10-19,TMAX,40.0,400,,,W
2023-10-19,TMIN,22.2,222,,,W
2023-10-20,TMAX,40.0,400,,,W
2023-10-20,TMIN,21.7,217,,,W
2023-10-21,TMAX,38.3,383,,,W
2023-10-21,TMIN,22.2,222,,,W
2023-10-22,TMAX,36.7,367,,,W
2023-10-22,TMIN,21.1,211,,,W
2023-10-23,TMAX,31.1,311,,,W
2023-10-23,TMIN,21.1,211,,,W
2023-10-24,TMAX,30.6,306,,,W
2023-10-24,TMIN,20.6,206,,,W
2023-10-25,TMAX,29.4,294,,,W
2023-10-25,TMIN,19.4,194,,,W
2023-10-26,TMAX,30.0,300,,,W
2023-10-26,TMIN,20.0,200,,,W
2023-10-27,TMAX,31.7,317,,,W
2023-10-27,TMIN,19.4,194,,,W
2023-10-28,TMAX,30.6,306,,,W
2023-10-28,TMIN,18.3,183,,,W
2023-10-29,TMAX,26.7,267,,,W
2023-10-29,TMIN,16.1,161,,,W
2023-10-30,TMAX,27.2,272,,,W
2023-10-30,TMIN,12.8,128,,,W
2023-10-31,TMAX,27.8,278,,,W
2023-10-31,TMIN,16.1,161,,,W
2023-11-01,TMAX,28.3,283,,,W
2023-11-01,TMIN,16.1,161,,,W
2023-11-02,TMAX,30.6,306,,,W
2023-11-02,TMIN,13.9,139,,,W
2023-11-03,TMAX,31.7,317,,,W
2023-11-03,TMIN,15.0,150,,,W
2023-11-04,TMAX,31.7,317,,,W
2023-11-04,TMIN,16.1,161,,,W
2023-11-05,TMAX,33.9,339,,,W
2023-11-05,TMIN,16.1,161,,,W
2023-11-06,TMAX,33.9,339,,,W
2023-11-06,TMIN,17.8,178,,,W
2023-11-07,TMAX,32.8,328,,,W
2023-11-07,TMIN,16.7,167,,,W
2023-11-08,TMAX,27.2,272,,,W
2023-11-08,TMIN,16.7,167,,,W
2023-11-09,TMAX,26.1,261,,,W
2023-11-09,TMIN,13.3,133,,,W
2023-11-10,TMAX,25.6,256,,,W
2023-11-10,TMIN,12.2,122,,,W
2023-11-11,TMAX,27.2,272,,,W
2023-11-11,TMIN,12.2,122,,,W
2023-11-12,TMAX,28.9,289,,,W
2023-11-12,TMIN,15.6,156,,,W
2023-11-13,TMAX,31.1,311,,,W
2023-11-13,TMIN,16.7,167,,,W
2023-11-14,TMAX,31.7,317,,,W
2023-11-14,TMIN,20.0,200,,,W
2023-11-15,TMAX,31.1,311,,,W
2023-11-15,TMIN,19.4,194,,,W
2023-11-16,TMAX,26.7,267,,,W
2023-11-16,TMIN,18.3,183,,,W
2023-11-17,TMAX,27.8,278,,,W
2023-11-17,TMIN,16.7,167,,,W
2023-11-18,TMAX,23.9,239,,,W
2023-11-18,TMIN,17.2,172,,,W
2023-11-19,TMAX,23.9,239,,,W
2023-11-19,TMIN,14.4,144,,,W
2023-11-20,TMAX,24.4,244,,,W
2023-11-20,TMIN,12.2,122,,,W
2023-11-21,TMAX,26.1,261,,,W
2023-11-21,TMIN,13.3,133,,,W
2023-11-22,TMAX,25.6,256,,,W
2023-11-22,TMIN,12.2,122,,,W
2023-11-23,TMAX,22.8,228,,,W
2023-11-23,TMIN,12.8,128,,,W
2023-11-24,TMAX,22.8,228,,,W
2023-11-24,TMIN,11.1,111,,,W
2023-11-25,TMAX,21.1,211,,,W
2023-11-25,TMIN,12.2,122,,,W
2023-11-26,TMAX,22.2,222,,,W
2023-11-26,TMIN,8.3,83,,,W
2023-11-27,TMAX,23.9,239,,,W
2023-11-27,TMIN,11.1,111,,,W
2023-11-28,TMAX,25.6,256,,,W
2023-11-28,TMIN,13.3,133,,,W
2023-11-29,TMAX,22.8,228,,,W
2023-11-29,TMIN,12.2,122,,,W
2023-11-30,TMAX,18.9,189,,,W
2023-11-30,TMIN,11.7,117,,,W
2023-12-01,TMAX,18.3,183,,,W
2023-12-01,TMIN,11.1,111,,,W
2023-12-02,TMAX,18.9,189,,,W
2023-12-02,TMIN,8.9,89,,,W
2023-12-03,TMAX,20.6,206,,,W
2023-12-03,TMIN,8.3,83,,,W
2023-12-04,TMAX,20.6,206,,,W
2023-12-04,TMIN,8.9,89,,,W
2023-12-05,TMAX,27.8,278,,,W
2023-12-05,TMIN,10.0,100,,,W
2023-12-06,TMAX,28.9,289,,,W
2023-12-06,TMIN,13.3,133,,,W
2023-12-07,TMAX,25.6,256,,,W
2023-12-07,TMIN,11.7,117,,,W
2023-12-08,TMAX,22.8,228,,,W
2023-12-08,TMIN,10.0,100,,,W
2023-12-09,TMAX,20.0,200,,,W
2023-12-09,TMIN,7.2,72,,,W
2023-12-10,TMAX,22.8,228,,,W
2023-12-10,TMIN,6.7,67,,,W
2023-12-11,TMAX,23.3,233,,,W
2023-12-11,TMIN,7.2,72,,,W
2023-12-12,TMAX,21.7,217,,,W
2023-12-12,TMIN,10.6,106,,,W
2023-12-13,TMAX,21.1,211,,,W
2023-12-13,TMIN,7.2,72,,,W
2023-12-14,TMAX,21.1,211,,,W
2023-12-14,TMIN,6.7,67,,,W
2023-12-15,TMAX,25.6,256,,,W
2023-12-15,TMIN,7.8,78,,,W
2023-12-16,TMAX,26.7,267,,,W
2023-12-16,TMIN,11.1,111,,,W
2023-12-17,TMAX,27.2,272,,,W
2023-12-17,TMIN,9.4,94,,,W
2023-12-18,TMAX,23.9,239,,,W
2023-12-18,TMIN,12.2,122,,,W
2023-12-19,TMAX,25.0,250,,,W
2023-12-19,TMIN,15.0,150,,,W
2023-12-20,TMAX,25.0,250,,,W
2023-12-20,TMIN,15.6,156,,,W
2023-12-21,TMAX,25.6,256,,,W
2023-12-21,TMIN,13.3,133,,,W
2023-12-22,TMAX,17.2,172,,,W
2023-12-22,TMIN,12.8,128,,,W
2023-12-23,TMAX,15.0,150,,,W
2023-12-23,TMIN,10.6,106,,,W
2023-12-24,TMAX,17.8,178,,,W
2023-12-24,TMIN,8.3,83,,,W
2023-12-25,TMAX,17.8,178,,,W
2023-12-25,TMIN,8.3,83,,,W
2023-12-26,TMAX,17.8,178,,,W
2023-12-26,TMIN,7.2,72,,,W
2023-12-27,TMAX,19.4,194,,,W
2023-12-27,TMIN,6.1,61,,,W
2023-12-28,TMAX,20.6,206,,,W
2023-12-28,TMIN,7.2,72,,,W
2023-12-29,TMAX,22.8,228,,,W
2023-12-29,TMIN,6.7,67,,,W
2023-12-30,TMAX,24.4,244,,,W
2023-12-30,TMIN,10.6,106,,,W
2023-12-31,TMAX,17.8,178,,,W
2023-12-31,TMIN,7.8,78,,,W
2024-01-01,TMAX,17.2,172,,,W
2024-01-01,TMIN,8.3,83,,,W
2024-01-02,TMAX,18.9,189,,,W
2024-01-02,TMIN,7.2,72,,,W
2024-01-03,TMAX,17.8,178,,,W
2024-01-03,TMIN,7.2,72,,,W
2024-01-04,TMAX,15.6,156,,,W
2024-01-04,TMIN,7.2,72,,,W
2024-01-05,TMAX,14.4,144,,,W
2024-01-05,TMIN,5.6,56,,,W
2024-01-06,TMAX,16.7,167,,,W
2024-01-06,TMIN,4.4,44,,,W
2024-01-07,TMAX,12.2,122,,,W
2024-01-07,TMIN,6.1,61,,,W
2024-01-08,TMAX,12.2,122,,,W
2024-01-08,TMIN,2.8,28,,,W
2024-01-09,TMAX,13.3,133,,,W
2024-01-09,TMIN,1.7,17,,,W
2024-01-10,TMAX,15.6,156,,,W
2024-01-10,TMIN,2.8,28,,,W
2024-01-11,TMAX,14.4,144,,,W
2024-01-11,TMIN,3.9,39,,,W
2024-01-12,TMAX,14.4,144,,,W
2024-01-12,TMIN,2.2,22,,,W
2024-01-13,TMAX,16.7,167,,,W
2024-01-13,TMIN,2.8,28,,,W
2024-01-14,TMAX,19.4,194,,,W
2024-01-14,TMIN,5.0,50,,,W
2024-01-15,TMAX,20.0,200,,,W
2024-01-15,TMIN,5.6,56,,,W
2024-01-16,TMAX,21.1,211,,,W
2024-01-16,TMIN,6.7,67,,,W
2024-01-17,TMAX,20.0,200,,,W
2024-01-17,TMIN,7.2,72,,,W
2024-01-18,TMAX,24.4,244,,,W
2024-01-18,TMIN,7.2,72,,,W
2024-01-19,TMAX,25.0,250,,,W
2024-01-19,TMIN,10.0,100,,,W
2024-01-20,TMAX,20.0,200,,,W
2024-01-20,TMIN,11.1,111,,,W
2024-01-21,TMAX,17.2,172,,,W
2024-01-21,TMIN,11.7,117,,,W
2024-01-22,TMAX,17.8,178,,,W
2024-01-22,TMIN,10.0,100,,,W
2024-01-23,TMAX,16.1,161,,,W
2024-01-23,TMIN,12.2,122,,,W
2024-01-24,TMAX,17.2,172,,,W
2024-01-24,TMIN,11.7,117,,,W
2024-01-25,TMAX,18.9,189,,,W
2024-01-25,TMIN,10.6,106,,,W
2024-01-26,TMAX,20.6,206,,,W
2024-01-26,TMIN,8.3,83,,,W
2024-01-27,TMAX,23.3,233,,,W
2024-01-27,TMIN,8.3,83,,,W
2024-01-28,TMAX,25.6,256,,,W
2024-01-28,TMIN,11.7,117,,,W
2024-01-29,TMAX,27.2,272,,,W
2024-01-29,TMIN,12.2,122,,,W
2024-01-30,TMAX,27.2,272,,,W
2024-01-30,TMIN,12.2,122,,,W
2024-01-31,TMAX,27.2,272,,,W
2024-01-31,TMIN,13.3,133,,,W
2024-02-01,TMAX,27.2,272,,,W
2024-02-01,TMIN,12.8,128,,,W
2024-02-02,TMAX,17.2,172,,,W
2024-02-02,TMIN,11.1,111,,,W
2024-02-03,TMAX,17.8,178,,,W
2024-02-03,TMIN,7.8,78,,,W
2024-02-04,TMAX,21.1,211,,,W
2024-02-04,TMIN,9.4,94,,,W
2024-02-05,TMAX,23.9,239,,,W
2024-02-05,TMIN,11.7,117,,,W
2024-02-06,TMAX,18.9,189,,,W
2024-02-06,TMIN,10.0,100,,,W
2024-02-07,TMAX,16.7,167,,,W
2024-02-07,TMIN,9.4,94,,,W
2024-02-08,TMAX,14.4,144,,,W
2024-02-08,TMIN,6.1,61,,,W
2024-02-09,TMAX,15.6,156,,,W
2024-02-09,TMIN,4.4,44,,,W
2024-02-10,TMAX,15.0,150,,,W
2024-02-10,TMIN,7.2,72,,,W
2024-02-11,TMAX,16.7,167,,,W
2024-02-11,TMIN,4.4,44,,,W
2024-02-12,TMAX,19.4,194,,,W
2024-02-12,TMIN,5.6,56,,,W
2024-02-13,TMAX,21.7,217,,,W
2024-02-13,TMIN,7.2,72,,,W
2024-02-14,TMAX,21.7,217,,,W
2024-02-14,TMIN,7.8,78,,,W
2024-02-15,TMAX,23.3,233,,,W
2024-02-15,TMIN,8.9,89,,,W
2024-02-16,TMAX,22.2,222,,,W
2024-02-16,TMIN,8.9,89,,,W
2024-02-17,TMAX,23.9,239,,,W
2024-02-17,TMIN,10.6,106,,,W
2024-02-18,TMAX,25.0,250,,,W
2024-02-18,TMIN,10.6,106,,,W
2024-02-19,TMAX,26.7,267,,,W
2024-02-19,TMIN,12.2,122,,,W
2024-02-20,TMAX,27.8,278,,,W
2024-02-20,TMIN,11.7,117,,,W
2024-02-21,TMAX,24.4,244,,,W
2024-02-21,TMIN,13.3,133,,,W
2024-02-22,TMAX,24.4,244,,,W
2024-02-22,TMIN,12.2,122,,,W
2024-02-23,TMAX,27.2,272,,,W
2024-02-23,TMIN,11.7,117,,,W
2024-02-24,TMAX,25.6,256,,,W
2024-02-24,TMIN,14.4,144,,,W
2024-02-25,TMAX,28.9,289,,,W
2024-02-25,TMIN,15.0,150,,,W
2024-02-26,TMAX,24.4,244,,,W
2024-02-26,TMIN,17.2,172,,,W
2024-02-27,TMAX,24.4,244,,,W
2024-02-27,TMIN,13.9,139,,,W
2024-02-28,TMAX,26.7,267,,,W
2024-02-28,TMIN,12.8,128,,,W
2024-02-29,TMAX,24.4,244,,,W
2024-02-29,TMIN,12.2,122,,,W
2024-03-01,TMAX,26.7,267,,,W
2024-03-01,TMIN,12.8,128,,,W
2024-03-02,TMAX,26.7,267,,,W
2024-03-02,TMIN,11.7,117,,,W
2024-03-03,TMAX,23.3,233,,,W
2024-03-03,TMIN,12.2,122,,,W
2024-03-04,TMAX,23.9,239,,,W
2024-03-04,TMIN,11.7,117,,,W
2024-03-05,TMAX,25.0,250,,,W
2024-03-05,TMIN,11.7,117,,,W
2024-03-06,TMAX,24.4,244,,,W
2024-03-06,TMIN,13.9,139,,,W
2024-03-07,TMAX,18.3,183,,,W
2024-03-07,TMIN,11.7,117,,,W
2024-03-08,TMAX,21.7,217,,,W
2024-03-08,TMIN,11.7,117,,,W
2024-03-09,TMAX,24.4,244,,,W
2024-03-09,TMIN,10.6,106,,,W
2024-03-10,TMAX,27.2,272,,,W
2024-03-10,TMIN,11.7,117,,,W
2024-03-11,TMAX,27.8,278,,,W
2024-03-11,TMIN,13.9,139,,,W
2024-03-12,TMAX,25.6,256,,,W
2024-03-12,TMIN,12.8,128,,,W
2024-03-13,TMAX,25.0,250,,,W
2024-03-13,TMIN,12.2,122,,,W
2024-03-14,TMAX,22.8,228,,,W
2024-03-14,TMIN,12.2,122,,,W
2024-03-15,TMAX,17.2,172,,,W
2024-03-15,TMIN,10.0,100,,,W
2024-03-16,TMAX,20.6,206,,,W
2024-03-16,TMIN,7.8,78,,,W
2024-03-17,TMAX,20.6,206,,,W
2024-03-17,TMIN,11.1,111,,,W
2024-03-18,TMAX,27.2,272,,,W
2024-03-18,TMIN,10.6,106,,,W
2024-03-19,TMAX,26.7,267,,,W
2024-03-19,TMIN,12.2,122,,,W
2024-03-20,TMAX,26.7,267,,,W
2024-03-20,TMIN,12.2,122,,,W
2024-03-21,TMAX,28.3,283,,,W
2024-03-21,TMIN,13.3,133,,,W
2024-03-22,TMAX,30.0,300,,,W
2024-03-22,TMIN,15.6,156,,,W
2024-03-23,TMAX,28.3,283,,,W
2024-03-23,TMIN,16.7,167,,,W
2024-03-24,TMAX,19.4,194,,,W
2024-03-24,TMIN,11.7,117,,,W
2024-03-25,TMAX,21.7,217,,,W
2024-03-25,TMIN,9.4,94,,,W
2024-03-26,TMAX,22.8,228,,,W
2024-03-26,TMIN,12.8,128,,,W
2024-03-27,TMAX,25.6,256,,,W
2024-03-27,TMIN,10.6,106,,,W
2024-03-28,TMAX,27.8,278,,,W
2024-03-28,TMIN,12.8,128,,,W
2024-03-29,TMAX,30.0,300,,,W
2024-03-29,TMIN,13.3,133,,,W
2024-03-30,TMAX,30.6,306,,,W
2024-03-30,TMIN,15.0,150,,,W
2024-03-31,TMAX,18.3,183,,,W
2024-03-31,TMIN,10.6,106,,,W
2024-04-01,TMAX,17.8,178,,,W
2024-04-01,TMIN,9.4,94,,,W
2024-04-02,TMAX,24.4,244,,,W
2024-04-02,TMIN,10.6,106,,,W
2024-04-03,TMAX,28.3,283,,,W
2024-04-03,TMIN,13.3,133,,,W
2024-04-04,TMAX,31.7,317,,,W
2024-04-04,TMIN,15.0,150,,,W
2024-04-05,TMAX,22.2,222,,,W
2024-04-05,TMIN,13.3,133,,,W
2024-04-06,TMAX,20.0,200,,,W
2024-04-06,TMIN,9.4,94,,,W
2024-04-07,TMAX,24.4,244,,,W
2024-04-07,TMIN,10.0,100,,,W
2024-04-08,TMAX,24.4,244,,,W
2024-04-08,TMIN,12.8,128,,,W
2024-04-09,TMAX,29.4,294,,,W
2024-04-09,TMIN,12.8,128,,,W
2024-04-10,TMAX,30.6,306,,,W
2024-04-10,TMIN,13.9,139,,,W
2024-04-11,TMAX,34.4,344,,,W
2024-04-11,TMIN,16.7,167,,,W
2024-04-12,TMAX,35.0,350,,,W
2024-04-12,TMIN,18.3,183,,,W
2024-04-13,TMAX,32.2,322,,,W
2024-04-13,TMIN,17.8,178,,,W
2024-04-14,TMAX,28.9,289,,,W
2024-04-14,TMIN,15.6,156,,,W
2024-04-15,TMAX,25.0,250,,,W
2024-04-15,TMIN,14.4,144,,,W
2024-04-16,TMAX,31.1,311,,,W
2024-04-16,TMIN,15.0,150,,,W
2024-04-17,TMAX,33.9,339,,,W
2024-04-17,TMIN,16.7,167,,,W
2024-04-18,TMAX,34.4,344,,,W
2024-04-18,TMIN,18.9,189,,,W
2024-04-19,TMAX,34.4,344,,,W
2024-04-19,TMIN,18.9,189,,,W
2024-04-20,TMAX,35.6,356,,,W
2024-04-20,TMIN,20.0,200,,,W
2024-04-21,TMAX,37.8,378,,,W
2024-04-21,TMIN,21.1,211,,,W
2024-04-22,TMAX,38.9,389,,,W
2024-04-22,TMIN,21.7,217,,,W
2024-04-23,TMAX,36.7,367,,,W
2024-04-23,TMIN,21.1,211,,,W
2024-04-24,TMAX,33.9,339,,,W
2024-04-24,TMIN,20.0,200,,,W
2024-04-25,TMAX,29.4,294,,,W
2024-04-25,TMIN,20.0,200,,,W
2024-04-26,TMAX,28.3,283,,,W
2024-04-26,TMIN,18.3,183,,,W
2024-04-27,TMAX,27.8,278,,,W
2024-04-27,TMIN,17.2,172,,,W
2024-04-28,TMAX,31.1,311,,,W
2024-04-28,TMIN,16.7,167,,,W
2024-04-29,TMAX,35.0,350,,,W
2024-04-29,TMIN,18.3,183,,,W
2024-04-30,TMAX,35.6,356,,,W
2024-04-30,TMIN,20.6,206,,,W
2024-05-01,TMAX,33.9,339,,,W
2024-05-01,TMIN,20.6,206,,,W
2024-05-02,TMAX,33.9,339,,,W
2024-05-02,TMIN,20.6,206,,,W
2024-05-03,TMAX,36.1,361,,,W
2024-05-03,TMIN,21.1,211,,,W
2024-05-04,TMAX,35.0,350,,,W
2024-05-04,TMIN,21.7,217,,,W
2024-05-05,TMAX,29.4,294,,,W
2024-05-05,TMIN,20.6,206,,,W
2024-05-06,TMAX,30.0,300,,,W
2024-05-06,TMIN,16.1,161,,,W
2024-05-07,TMAX,33.3,333,,,W
2024-05-07,TMIN,17.2,172,,,W
2024-05-08,TMAX,32.8,328,,,W
2024-05-08,TMIN,19.4,194,,,W
2024-05-09,TMAX,31.7,317,,,W
2024-05-09,TMIN,18.3,183,,,W
2024-05-10,TMAX,33.9,339,,,W
2024-05-10,TMIN,18.3,183,,,W
2024-05-11,TMAX,33.9,339,,,W
2024-05-11,TMIN,18.3,183,,,W
2024-05-12,TMAX,35.0,350,,,W
2024-05-12,TMIN,20.6,206,,,W
2024-05-13,TMAX,37.8,378,,,W
2024-05-13,TMIN,21.7,217,,,W
2024-05-14,TMAX,37.8,378,,,W
2024-05-14,TMIN,23.3,233,,,W
2024-05-15,TMAX,36.7,367,,,W
2024-05-15,TMIN,22.8,228,,,W
2024-05-16,TMAX,36.7,367,,,W
2024-05-16,TMIN,24.4,244,,,W
2024-05-17,TMAX,38.9,389,,,W
2024-05-17,TMIN,23.9,239,,,W
2024-05-18,TMAX,40.0,400,,,W
2024-05-18,TMIN,25.0,250,,,W
2024-05-19,TMAX,37.2,372,,,W
2024-05-19,TMIN,23.9,239,,,W
2024-05-20,TMAX,33.3,333,,,W
2024-05-20,TMIN,22.8,228,,,W
2024-05-21,TMAX,35.6,356,,,W
2024-05-21,TMIN,19.4,194,,,W
2024-05-22,TMAX,36.1,361,,,W
2024-05-22,TMIN,20.6,206,,,W
2024-05-23,TMAX,36.7,367,,,W
2024-05-23,TMIN,21.1,211,,,W
2024-05-24,TMAX,37.8,378,,,W
2024-05-24,TMIN,22.8,228,,,W
2024-05-25,TMAX,33.3,333,,,W
2024-05-25,TMIN,23.9,239,,,W
2024-05-26,TMAX,37.2,372,,,W
2024-05-26,TMIN,21.1,211,,,W
2024-05-27,TMAX,38.9,389,,,W
2024-05-27,TMIN,22.8,228,,,W
2024-05-28,TMAX,41.1,411,,,W
2024-05-28,TMIN,24.4,244,,,W
2024-05-29,TMAX,39.4,394,,,W
2024-05-29,TMIN,24.4,244,,,W
2024-05-30,TMAX,40.0,400,,,W
2024-05-30,TMIN,24.4,244,,,W
2024-05-31,TMAX,41.7,417,,,W
2024-05-31,TMIN,24.4,244,,,W
2024-06-01,TMAX,41.7,417,,,W
2024-06-01,TMIN,25.0,250,,,W
2024-06-02,TMAX,40.6,406,,,W
2024-06-02,TMIN,25.0,250,,,W
2024-06-03,TMAX,39.4,394,,,W
2024-06-03,TMIN,25.0,250,,,W
2024-06-04,TMAX,40.0,400,,,W
2024-06-04,TMIN,26.1,261,,,W
2024-06-05,TMAX,42.2,422,,,W
2024-06-05,TMIN,27.8,278,,,W
2024-06-06,TMAX,45.0,450,,,W
2024-06-06,TMIN,29.4,294,,,W
2024-06-07,TMAX,45.0,450,,,W
2024-06-07,TMIN,30.6,306,,,W
2024-06-08,TMAX,42.2,422,,,W
2024-06-08,TMIN,28.9,289,,,W
2024-06-09,TMAX,41.7,417,,,W
2024-06-09,TMIN,27.8,278,,,W
2024-06-10,TMAX,42.8,428,,,W
2024-06-10,TMIN,26.7,267,,,W
2024-06-11,TMAX,45.0,450,,,W
2024-06-11,TMIN,27.2,272,,,W
2024-06-12,TMAX,43.9,439,,,W
2024-06-12,TMIN,28.3,283,,,W
2024-06-13,TMAX,42.2,422,,,W
2024-06-13,TMIN,30.0,300,,,W
2024-06-14,TMAX,41.7,417,,,W
2024-06-14,TMIN,28.3,283,,,W
2024-06-15,TMAX,44.4,444,,,W
2024-06-15,TMIN,27.8,278,,,W
2024-06-16,TMAX,44.4,444,,,W
2024-06-16,TMIN,28.9,289,,,W
2024-06-17,TMAX,42.2,422,,,W
2024-06-17,TMIN,27.8,278,,,W
2024-06-18,TMAX,40.6,406,,,W
2024-06-18,TMIN,26.7,267,,,W
2024-06-19,TMAX,41.1,411,,,W
2024-06-19,TMIN,28.3,283,,,W
2024-06-20,TMAX,46.1,461,,,W
2024-06-20,TMIN,28.3,283,,,W
2024-06-21,TMAX,47.2,472,,,W
2024-06-21,TMIN,33.3,333,,,W
2024-06-22,TMAX,42.2,422,,,W
2024-06-22,TMIN,33.3,333,,,W
2024-06-23,TMAX,42.8,428,,,W
2024-06-23,TMIN,32.8,328,,,W
2024-06-24,TMAX,44.4,444,,,W
2024-06-24,TMIN,31.7,317,,,W
2024-06-25,TMAX,42.2,422,,,W
2024-06-25,TMIN,30.0,300,,,W
2024-06-26,TMAX,43.9,439,,,W
2024-06-26,TMIN,29.4,294,,,W
2024-06-27,TMAX,44.4,444,,,W
2024-06-27,TMIN,35.0,350,,,W
2024-06-28,TMAX,44.4,444,,,W
2024-06-28,TMIN,33.3,333,,,W
2024-06-29,TMAX,43.3,433,,,W
2024-06-29,TMIN,31.7,317,,,W
2024-06-30,TMAX,43.3,433,,,W
2024-06-30,TMIN,32.2,322,,,W
2024-07-01,TMAX,42.8,428,,,W
2024-07-01,TMIN,30.0,300,,,W
2024-07-02,TMAX,45.0,450,,,W
2024-07-02,TMIN,33.3,333,,,W
2024-07-03,TMAX,45.0,450,,,W
2024-07-03,TMIN,33.9,339,,,W
2024-07-04,TMAX,45.0,450,,,W
2024-07-04,TMIN,32.8,328,,,W
2024-07-05,TMAX,47.8,478,,,W
2024-07-05,TMIN,33.9,339,,,W
2024-07-06,TMAX,45.6,456,,,W
2024-07-06,TMIN,32.8,328,,,W
2024-07-07,TMAX,45.6,456,,,W
2024-07-07,TMIN,33.3,333,,,W
2024-07-08,TMAX,47.8,478,,,W
2024-07-08,TMIN,32.8,328,,,W
2024-07-09,TMAX,46.7,467,,,W
2024-07-09,TMIN,32.8,328,,,W
2024-07-10,TMAX,46.1,461,,,W
2024-07-10,TMIN,33.3,333,,,W
2024-07-11,TMAX,46.1,461,,,W
2024-07-11,TMIN,33.9,339,,,W
2024-07-12,TMAX,46.7,467,,,W
2024-07-12,TMIN,32.8,328,,,W
2024-07-13,TMAX,44.4,444,,,W
2024-07-13,TMIN,34.4,344,,,W
2024-07-14,TMAX,42.8,428,,,W
2024-07-14,TMIN,28.9,289,,,W
2024-07-15,TMAX,42.8,428,,,W
2024-07-15,TMIN,30.0,300,,,W
2024-07-16,TMAX,42.8,428,,,W
2024-07-16,TMIN,31.7,317,,,W
2024-07-17,TMAX,43.9,439,,,W
2024-07-17,TMIN,32.2,322,,,W
2024-07-18,TMAX,43.9,439,,,W
2024-07-18,TMIN,33.9,339,,,W
2024-07-19,TMAX,44.4,444,,,W
2024-07-19,TMIN,33.3,333,,,W
2024-07-20,TMAX,45.0,450,,,W
2024-07-20,TMIN,33.9,339,,,W
2024-07-21,TMAX,43.9,439,,,W
2024-07-21,TMIN,31.7,317,,,W
2024-07-22,TMAX,43.9,439,,,W
2024-07-22,TMIN,29.4,294,,,W
2024-07-23,TMAX,45.0,450,,,W
2024-07-23,TMIN,33.9,339,,,W
2024-07-24,TMAX,45.6,456,,,W
2024-07-24,TMIN,33.9,339,,,W
2024-07-25,TMAX,44.4,444,,,W
2024-07-25,TMIN,27.8,278,,,W
2024-07-26,TMAX,43.3,433,,,W
2024-07-26,TMIN,27.8,278,,,W
2024-07-27,TMAX,44.4,444,,,W
2024-07-27,TMIN,31.1,311,,,W
2024-07-28,TMAX,43.9,439,,,W
2024-07-28,TMIN,31.7,317,,,W
2024-07-29,TMAX,42.8,428,,,W
2024-07-29,TMIN,31.1,311,,,W
2024-07-30,TMAX,42.8,428,,,W
2024-07-30,TMIN,31.7,317,,,W
2024-07-31,TMAX,43.3,433,,,W
2024-07-31,TMIN,32.2,322,,,W
2024-08-01,TMAX,41.7,417,,,W
2024-08-01,TMIN,30.6,306,,,W
2024-08-02,TMAX,44.4,444,,,W
2024-08-02,TMIN,33.9,339,,,W
2024-08-03,TMAX,46.7,467,,,W
2024-08-03,TMIN,33.3,333,,,W
2024-08-04,TMAX,46.7,467,,,W
2024-08-04,TMIN,33.9,339,,,W
2024-08-05,TMAX,44.4,444,,,W
2024-08-05,TMIN,33.3,333,,,W
2024-08-06,TMAX,43.9,439,,,W
2024-08-06,TMIN,32.8,328,,,W
2024-08-07,TMAX,40.0,400,,,W
2024-08-07,TMIN,27.2,272,,,W
2024-08-08,TMAX,41.7,417,,,W
2024-08-08,TMIN,31.1,311,,,W
2024-08-09,TMAX,42.8,428,,,W
2024-08-09,TMIN,30.6,306,,,W
2024-08-10,TMAX,44.4,444,,,W
2024-08-10,TMIN,33.9,339,,,W
2024-08-11,TMAX,40.6,406,,,W
2024-08-11,TMIN,31.1,311,,,W
2024-08-12,TMAX,42.2,422,,,W
2024-08-12,TMIN,31.1,311,,,W
2024-08-13,TMAX,42.8,428,,,W
2024-08-13,TMIN,31.7,317,,,W
2024-08-14,TMAX,43.3,433,,,W
2024-08-14,TMIN,32.8,328,,,W
2024-08-15,TMAX,43.9,439,,,W
2024-08-15,TMIN,32.2,322,,,W
2024-08-16,TMAX,45.0,450,,,W
2024-08-16,TMIN,33.3,333,,,W
2024-08-17,TMAX,45.0,450,,,W
2024-08-17,TMIN,33.9,339,,,W
2024-08-18,TMAX,38.9,389,,,W
2024-08-18,TMIN,26.1,261,,,W
2024-08-19,TMAX,44.4,444,,,W
2024-08-19,TMIN,31.1,311,,,W
2024-08-20,TMAX,44.4,444,,,W
2024-08-20,TMIN,33.3,333,,,W
2024-08-21,TMAX,40.6,406,,,W
2024-08-21,TMIN,32.2,322,,,W
2024-08-22,TMAX,43.3,433,,,W
2024-08-22,TMIN,28.3,283,,,W
2024-08-23,TMAX,42.8,428,,,W
2024-08-23,TMIN,28.9,289,,,W
2024-08-24,TMAX,41.7,417,,,W
2024-08-24,TMIN,28.3,283,,,W
2024-08-25,TMAX,42.2,422,,,W
2024-08-25,TMIN,30.0,300,,,W
2024-08-26,TMAX,43.3,433,,,W
2024-08-26,TMIN,28.9,289,,,W
2024-08-27,TMAX,42.2,422,,,W
2024-08-27,TMIN,29.4,294,,,W
2024-08-28,TMAX,40.6,406,,,W
2024-08-28,TMIN,31.7,317,,,W
2024-08-29,TMAX,42.8,428,,,W
2024-08-29,TMIN,29.4,294,,,W
2024-08-30,TMAX,43.3,433,,,W
2024-08-30,TMIN,30.6,306,,,W
2024-08-31,TMAX,42.2,422,,,W
2024-08-31,TMIN,31.1,311,,,W
2024-09-01,TMAX,42.2,422,,,W
2024-09-01,TMIN,30.6,306,,,W
2024-09-02,TMAX,42.2,422,,,W
2024-09-02,TMIN,29.4,294,,,W
2024-09-03,TMAX,42.2,422,,,W
2024-09-03,TMIN,31.1,311,,,W
2024-09-04,TMAX,43.9,439,,,W
2024-09-04,TMIN,30.6,306,,,W
2024-09-05,TMAX,46.7,467,,,W
2024-09-05,TMIN,30.6,306,,,W
2024-09-06,TMAX,43.9,439,,,W
2024-09-06,TMIN,33.9,339,,,W
2024-09-07,TMAX,43.3,433,,,W
2024-09-07,TMIN,32.8,328,,,W
2024-09-08,TMAX,43.3,433,,,W
2024-09-08,TMIN,31.1,311,,,W
2024-09-09,TMAX,43.3,433,,,W
2024-09-09,TMIN,29.4,294,,,W
2024-09-10,TMAX,43.3,433,,,W
2024-09-10,TMIN,28.3,283,,,W
2024-09-11,TMAX,42.8,428,,,W
2024-09-11,TMIN,27.8,278,,,W
2024-09-12,TMAX,42.8,428,,,W
2024-09-12,TMIN,27.2,272,,,W
2024-09-13,TMAX,41.7,417,,,W
2024-09-13,TMIN,25.6,256,,,W
2024-09-14,TMAX,40.0,400,,,W
2024-09-14,TMIN,30.0,300,,,W
2024-09-15,TMAX,41.1,411,,,W
2024-09-15,TMIN,30.0,300,,,W
2024-09-16,TMAX,38.9,389,,,W
2024-09-16,TMIN,28.3,283,,,W
2024-09-17,TMAX,33.9,339,,,W
2024-09-17,TMIN,25.6,256,,,W
2024-09-18,TMAX,36.1,361,,,W
2024-09-18,TMIN,22.8,228,,,W
2024-09-19,TMAX,36.7,367,,,W
2024-09-19,TMIN,23.3,233,,,W
2024-09-20,TMAX,36.1,361,,,W
2024-09-20,TMIN,25.0,250,,,W
2024-09-21,TMAX,32.2,322,,,W
2024-09-21,TMIN,22.8,228,,,W
2024-09-22,TMAX,37.2,372,,,W
2024-09-22,TMIN,22.8,228,,,W
2024-09-23,TMAX,40.6,406,,,W
2024-09-23,TMIN,25.0,250,,,W
2024-09-24,TMAX,42.2,422,,,W
2024-09-24,TMIN,25.6,256,,,W
2024-09-25,TMAX,45.0,450,,,W
2024-09-25,TMIN,26.7,267,,,W
2024-09-26,TMAX,43.3,433,,,W
2024-09-26,TMIN,27.8,278,,,W
2024-09-27,TMAX,45.0,450,,,W
2024-09-27,TMIN,28.3,283,,,W
2024-09-28,TMAX,47.2,472,,,W
2024-09-28,TMIN,29.4,294,,,W
2024-09-29,TMAX,45.0,450,,,W
2024-09-29,TMIN,31.1,311,,,W
2024-09-30,TMAX,41.7,417,,,W
2024-09-30,TMIN,28.3,283,,,W
2024-10-01,TMAX,45.0,450,,,W
2024-10-01,TMIN,28.9,289,,,W
2024-10-02,TMAX,42.2,422,,,W
2024-10-02,TMIN,30.0,300,,,W
2024-10-03,TMAX,42.8,428,,,W
2024-10-03,TMIN,27.8,278,,,W
2024-10-04,TMAX,42.2,422,,,W
2024-10-04,TMIN,27.2,272,,,W
2024-10-05,TMAX,43.9,439,,,W
2024-10-05,TMIN,26.7,267,,,W
2024-10-06,TMAX,45.0,450,,,W
2024-10-06,TMIN,26.7,267,,,W
2024-10-07,TMAX,43.3,433,,,W
2024-10-07,TMIN,27.2,272,,,W
2024-10-08,TMAX,42.2,422,,,W
2024-10-08,TMIN,27.2,272,,,W
2024-10-09,TMAX,41.1,411,,,W
2024-10-09,TMIN,26.1,261,,,W
2024-10-10,TMAX,41.7,417,,,W
2024-10-10,TMIN,25.6,256,,,W
2024-10-11,TMAX,40.0,400,,,W
2024-10-11,TMIN,25.6,256,,,W
2024-10-12,TMAX,40.0,400,,,W
2024-10-12,TMIN,24.4,244,,,W
2024-10-13,TMAX,39.4,394,,,W
2024-10-13,TMIN,23.9,239,,,W
2024-10-14,TMAX,39.4,394,,,W
2024-10-14,TMIN,23.9,239,,,W
2024-10-15,TMAX,37.2,372,,,W
2024-10-15,TMIN,22.8,228,,,W
2024-10-16,TMAX,37.2,372,,,W
2024-10-16,TMIN,21.7,217,,,W
2024-10-17,TMAX,32.2,322,,,W
2024-10-17,TMIN,22.2,222,,,W
2024-10-18,TMAX,26.1,261,,,W
2024-10-18,TMIN,17.2,172,,,W
2024-10-19,TMAX,23.3,233,,,W
2024-10-19,TMIN,15.0,150,,,W
2024-10-20,TMAX,27.8,278,,,W
2024-10-20,TMIN,15.0,150,,,W
2024-10-21,TMAX,32.2,322,,,W
2024-10-21,TMIN,16.1,161,,,W
2024-10-22,TMAX,35.0,350,,,W
2024-10-22,TMIN,16.7,167,,,W
2024-10-23,TMAX,36.7,367,,,W
2024-10-23,TMIN,19.4,194,,,W
2024-10-24,TMAX,35.6,356,,,W
2024-10-24,TMIN,18.9,189,,,W
2024-10-25,TMAX,36.1,361,,,W
2024-10-25,TMIN,18.3,183,,,W
2024-10-26,TMAX,37.8,378,,,W
2024-10-26,TMIN,18.9,189,,,W
2024-10-27,TMAX,35.6,356,,,W
2024-10-27,TMIN,20.6,206,,,W
2024-10-28,TMAX,35.0,350,,,W
2024-10-28,TMIN,17.8,178,,,W
2024-10-29,TMAX,26.1,261,,,W
2024-10-29,TMIN,16.7,167,,,W
2024-10-30,TMAX,25.0,250,,,W
2024-10-30,TMIN,12.8,128,,,W
2024-10-31,TMAX,27.2,272,,,W
2024-10-31,TMIN,12.2,122,,,W
2024-11-01,TMAX,27.2,272,,,W
2024-11-01,TMIN,13.3,133,,,W
2024-11-02,TMAX,26.1,261,,,W
2024-11-02,TMIN,12.8,128,,,W
2024-11-03,TMAX,22.8,228,,,W
2024-11-03,TMIN,14.4,144,,,W
2024-11-04,TMAX,22.8,228,,,W
2024-11-04,TMIN,11.1,111,,,W
2024-11-05,TMAX,23.3,233,,,W
2024-11-05,TMIN,10.6,106,,,W
2024-11-06,TMAX,21.7,217,,,W
2024-11-06,TMIN,10.0,100,,,W
2024-11-07,TMAX,20.0,200,,,W
2024-11-07,TMIN,8.9,89,,,W
2024-11-08,TMAX,21.7,217,,,W
2024-11-08,TMIN,8.9,89,,,W
2024-11-09,TMAX,23.9,239,,,W
2024-11-09,TMIN,8.9,89,,,W
2024-11-10,TMAX,29.4,294,,,W
2024-11-10,TMIN,11.1,111,,,W
2024-11-11,TMAX,28.9,289,,,W
2024-11-11,TMIN,12.8,128,,,W
2024-11-12,TMAX,25.0,250,,,W
2024-11-12,TMIN,11.1,111,,,W
2024-11-13,TMAX,25.6,256,,,W
2024-11-13,TMIN,9.4,94,,,W
2024-11-14,TMAX,28.9,289,,,W
2024-11-14,TMIN,11.7,117,,,W
2024-11-15,TMAX,23.9,239,,,W
2024-11-15,TMIN,10.6,106,,,W
2024-11-16,TMAX,18.3,183,,,W
2024-11-16,TMIN,11.7,117,,,W
2024-11-17,TMAX,21.7,217,,,W
2024-11-17,TMIN,7.8,78,,,W
2024-11-18,TMAX,20.6,206,,,W
2024-11-18,TMIN,8.9,89,,,W
2024-11-19,TMAX,21.7,217,,,W
2024-11-19,TMIN,8.9,89,,,W
2024-11-20,TMAX,26.7,267,,,W
2024-11-20,TMIN,9.4,94,,,W
2024-11-21,TMAX,26.7,267,,,W
2024-11-21,TMIN,9.4,94,,,W
2024-11-22,TMAX,29.4,294,,,W
2024-11-22,TMIN,11.1,111,,,W
2024-11-23,TMAX,26.7,267,,,W
2024-11-23,TMIN,10.6,106,,,W
2024-11-24,TMAX,25.6,256,,,W
2024-11-24,TMIN,10.6,106,,,W
2024-11-25,TMAX,26.1,261,,,W
2024-11-25,TMIN,13.3,133,,,W
2024-11-26,TMAX,26.1,261,,,W
2024-11-26,TMIN,12.8,128,,,W
2024-11-27,TMAX,25.0,250,,,W
2024-11-27,TMIN,15.0,150,,,W
2024-11-28,TMAX,23.3,233,,,W
2024-11-28,TMIN,12.8,128,,,W
2024-11-29,TMAX,23.9,239,,,W
2024-11-29,TMIN,11.1,111,,,W
2024-11-30,TMAX,26.1,261,,,W
2024-11-30,TMIN,12.2,122,,,W
2024-12-01,TMAX,26.1,261,,,W
2024-12-01,TMIN,10.6,106,,,W
2024-12-02,TMAX,27.2,272,,,W
2024-12-02,TMIN,11.1,111,,,W
2024-12-03,TMAX,28.3,283,,,W
2024-12-03,TMIN,12.8,128,,,W
2024-12-04,TMAX,25.6,256,,,W
2024-12-04,TMIN,11.7,117,,,W
2024-12-05,TMAX,25.6,256,,,W
2024-12-05,TMIN,11.1,111,,,W
2024-12-06,TMAX,26.1,261,,,W
2024-12-06,TMIN,13.3,133,,,W
2024-12-07,TMAX,25.6,256,,,W
2024-12-07,TMIN,12.8,128,,,W
2024-12-08,TMAX,23.9,239,,,W
2024-12-08,TMIN,11.1,111,,,W
2024-12-09,TMAX,23.3,233,,,W
2024-12-09,TMIN,10.0,100,,,W
2024-12-10,TMAX,20.0,200,,,W
2024-12-10,TMIN,8.9,89,,,W
2024-12-11,TMAX,21.7,217,,,W
2024-12-11,TMIN,6.1,61,,,W
2024-12-12,TMAX,23.9,239,,,W
2024-12-12,TMIN,11.7,117,,,W
2024-12-13,TMAX,20.6,206,,,W
2024-12-13,TMIN,8.9,89,,,W
2024-12-14,TMAX,21.1,211,,,W
2024-12-14,TMIN,8.9,89,,,W
2024-12-15,TMAX,22.8,228,,,W
2024-12-15,TMIN,7.2,72,,,W
2024-12-16,TMAX,21.7,217,,,W
2024-12-16,TMIN,7.2,72,,,W
2024-12-17,TMAX,22.2,222,,,W
2024-12-17,TMIN,7.2,72,,,W
2024-12-18,TMAX,28.3,283,,,W
2024-12-18,TMIN,7.8,78,,,W
2024-12-19,TMAX,28.3,283,,,W
2024-12-19,TMIN,10.6,106,,,W
2024-12-20,TMAX,28.3,283,,,W
2024-12-20,TMIN,11.1,111,,,W
2024-12-21,TMAX,26.1,261,,,W
2024-12-21,TMIN,10.0,100,,,W
2024-12-22,TMAX,23.9,239,,,W
2024-12-22,TMIN,9.4,94,,,W
2024-12-23,TMAX,25.6,256,,,W
2024-12-23,TMIN,11.7,117,,,W
2024-12-24,TMAX,25.6,256,,,W
2024-12-24,TMIN,10.0,100,,,W
2024-12-25,TMAX,21.1,211,,,W
2024-12-25,TMIN,10.6,106,,,W
2024-12-26,TMAX,18.3,183,,,W
2024-12-26,TMIN,9.4,94,,,W
2024-12-27,TMAX,20.6,206,,,W
2024-12-27,TMIN,7.2,72,,,W
2024-12-28,TMAX,21.1,211,,,W
2024-12-28,TMIN,7.2,72,,,W
2024-12-29,TMAX,23.9,239,,,W
2024-12-29,TMIN,7.8,78,,,W
2024-12-30,TMAX,23.3,233,,,W
2024-12-30,TMIN,7.8,78,,,W
2024-12-31,TMAX,22.8,228,,,W
2024-12-31,TMIN,8.3,83,,,W
